<?xml version="1.0" encoding="UTF-8"?>
<gpx version="1.1" creator="Quickview Editor" xmlns="http://www.topografix.com/GPX/1/1">
  <trk>
    <name>senterra3_smoothed</name>
    <trkseg>
      <trkpt lat="25.1474840933367" lon="-99.9493056081824"></trkpt>
      <trkpt lat="25.147481451958157" lon="-99.94930950485968"></trkpt>
      <trkpt lat="25.1474788509227" lon="-99.94931371461459"></trkpt>
      <trkpt lat="25.14747626597268" lon="-99.94931823034793"></trkpt>
      <trkpt lat="25.14747367285046" lon="-99.9493230449605"></trkpt>
      <trkpt lat="25.147471047298385" lon="-99.9493281513531"></trkpt>
      <trkpt lat="25.147468365058806" lon="-99.94933354242652"></trkpt>
      <trkpt lat="25.14746560187409" lon="-99.94933921108155"></trkpt>
      <trkpt lat="25.147462733486574" lon="-99.94934515021899"></trkpt>
      <trkpt lat="25.147459735638627" lon="-99.94935135273965"></trkpt>
      <trkpt lat="25.147456584072586" lon="-99.9493578115443"></trkpt>
      <trkpt lat="25.14745325453082" lon="-99.94936451953379"></trkpt>
      <trkpt lat="25.147449722755674" lon="-99.94937146960886"></trkpt>
      <trkpt lat="25.147445964489506" lon="-99.94937865467031"></trkpt>
      <trkpt lat="25.147441955474665" lon="-99.94938606761899"></trkpt>
      <trkpt lat="25.14743767145351" lon="-99.94939370135563"></trkpt>
      <trkpt lat="25.14743308816839" lon="-99.94940154878107"></trkpt>
      <trkpt lat="25.147428181361658" lon="-99.9494096027961"></trkpt>
      <trkpt lat="25.147422926775672" lon="-99.94941785630151"></trkpt>
      <trkpt lat="25.147417300152785" lon="-99.94942630219808"></trkpt>
      <trkpt lat="25.147411277235346" lon="-99.94943493338664"></trkpt>
      <trkpt lat="25.147404833765712" lon="-99.94944374276797"></trkpt>
      <trkpt lat="25.147397945486237" lon="-99.94945272324284"></trkpt>
      <trkpt lat="25.147390588139274" lon="-99.9494618677121"></trkpt>
      <trkpt lat="25.147382737467176" lon="-99.94947116907652"></trkpt>
      <trkpt lat="25.14737436921229" lon="-99.9494806202369"></trkpt>
      <trkpt lat="25.147365459116983" lon="-99.94949021409403"></trkpt>
      <trkpt lat="25.147355982923603" lon="-99.9494999435487"></trkpt>
      <trkpt lat="25.1473459163745" lon="-99.94950980150172"></trkpt>
      <trkpt lat="25.14733523521203" lon="-99.94951978085389"></trkpt>
      <trkpt lat="25.147323915178546" lon="-99.94952987450596"></trkpt>
      <trkpt lat="25.14731171797583" lon="-99.94954019840071"></trkpt>
      <trkpt lat="25.147298468287307" lon="-99.94955086130155"></trkpt>
      <trkpt lat="25.147284236327838" lon="-99.94956184534033"></trkpt>
      <trkpt lat="25.147269092312257" lon="-99.9495731326489"></trkpt>
      <trkpt lat="25.147253106455416" lon="-99.94958470535909"></trkpt>
      <trkpt lat="25.147236348972154" lon="-99.9495965456028"></trkpt>
      <trkpt lat="25.147218890077315" lon="-99.94960863551185"></trkpt>
      <trkpt lat="25.147200799985754" lon="-99.9496209572181"></trkpt>
      <trkpt lat="25.147182148912297" lon="-99.94963349285342"></trkpt>
      <trkpt lat="25.147163007071807" lon="-99.94964622454968"></trkpt>
      <trkpt lat="25.147143444679124" lon="-99.94965913443868"></trkpt>
      <trkpt lat="25.14712353194908" lon="-99.9496722046523"></trkpt>
      <trkpt lat="25.147103339096535" lon="-99.94968541732243"></trkpt>
      <trkpt lat="25.14708293633633" lon="-99.94969875458087"></trkpt>
      <trkpt lat="25.14706239388331" lon="-99.9497121985595"></trkpt>
      <trkpt lat="25.147041781952314" lon="-99.94972573139017"></trkpt>
      <trkpt lat="25.147021170758194" lon="-99.94973933520475"></trkpt>
      <trkpt lat="25.14700063051579" lon="-99.94975299213509"></trkpt>
      <trkpt lat="25.146980231439944" lon="-99.94976668431302"></trkpt>
      <trkpt lat="25.146960043745512" lon="-99.94978039387041"></trkpt>
      <trkpt lat="25.146940137647327" lon="-99.94979410293912"></trkpt>
      <trkpt lat="25.146920583360238" lon="-99.94980779365102"></trkpt>
      <trkpt lat="25.14690145109909" lon="-99.94982144813793"></trkpt>
      <trkpt lat="25.146882811078726" lon="-99.94983504853171"></trkpt>
      <trkpt lat="25.146864733514" lon="-99.94984857696424"></trkpt>
      <trkpt lat="25.146847288619742" lon="-99.94986201556736"></trkpt>
      <trkpt lat="25.146830546610808" lon="-99.94987534647292"></trkpt>
      <trkpt lat="25.146814577702035" lon="-99.94988855181278"></trkpt>
      <trkpt lat="25.146799452108272" lon="-99.94990161371878"></trkpt>
      <trkpt lat="25.146785240044366" lon="-99.94991451432278"></trkpt>
      <trkpt lat="25.146771731336663" lon="-99.9499273034188"></trkpt>
      <trkpt lat="25.14675865763773" lon="-99.94994004611387"></trkpt>
      <trkpt lat="25.146746001901736" lon="-99.94995274750927"></trkpt>
      <trkpt lat="25.14673374708284" lon="-99.94996541270645"></trkpt>
      <trkpt lat="25.14672187613521" lon="-99.94997804680673"></trkpt>
      <trkpt lat="25.146710372013004" lon="-99.94999065491152"></trkpt>
      <trkpt lat="25.146699217670392" lon="-99.95000324212214"></trkpt>
      <trkpt lat="25.14668839606154" lon="-99.95001581353998"></trkpt>
      <trkpt lat="25.14667789014061" lon="-99.9500283742664"></trkpt>
      <trkpt lat="25.146667682861764" lon="-99.95004092940277"></trkpt>
      <trkpt lat="25.146657757179177" lon="-99.95005348405047"></trkpt>
      <trkpt lat="25.146648096047" lon="-99.95006604331083"></trkpt>
      <trkpt lat="25.146638682419407" lon="-99.95007861228525"></trkpt>
      <trkpt lat="25.146629499250555" lon="-99.95009119607508"></trkpt>
      <trkpt lat="25.14662052949462" lon="-99.9501037997817"></trkpt>
      <trkpt lat="25.146611756105752" lon="-99.95011642850648"></trkpt>
      <trkpt lat="25.146603162038126" lon="-99.95012908735076"></trkpt>
      <trkpt lat="25.146594730245905" lon="-99.95014178141594"></trkpt>
      <trkpt lat="25.146586443683248" lon="-99.95015451580333"></trkpt>
      <trkpt lat="25.146578285304326" lon="-99.95016729561438"></trkpt>
      <trkpt lat="25.1465702380633" lon="-99.9501801259504"></trkpt>
      <trkpt lat="25.146562284914335" lon="-99.95019301191276"></trkpt>
      <trkpt lat="25.146554408811593" lon="-99.95020595860287"></trkpt>
      <trkpt lat="25.14654659270925" lon="-99.95021897112203"></trkpt>
      <trkpt lat="25.146538819561453" lon="-99.95023205457164"></trkpt>
      <trkpt lat="25.146531072322382" lon="-99.95024521405308"></trkpt>
      <trkpt lat="25.146523333946195" lon="-99.95025845466769"></trkpt>
      <trkpt lat="25.146515587387057" lon="-99.95027178151685"></trkpt>
      <trkpt lat="25.14650781559913" lon="-99.95028519970194"></trkpt>
      <trkpt lat="25.14650000153658" lon="-99.95029871432432"></trkpt>
      <trkpt lat="25.146492163438012" lon="-99.95031231883848"></trkpt>
      <trkpt lat="25.146484338186703" lon="-99.95032600126903"></trkpt>
      <trkpt lat="25.146476536703837" lon="-99.95033975857253"></trkpt>
      <trkpt lat="25.146468769910598" lon="-99.95035358770544"></trkpt>
      <trkpt lat="25.146461048728163" lon="-99.95036748562426"></trkpt>
      <trkpt lat="25.146453384077713" lon="-99.95038144928553"></trkpt>
      <trkpt lat="25.146445786880435" lon="-99.95039547564573"></trkpt>
      <trkpt lat="25.14643826805751" lon="-99.9504095616614"></trkpt>
      <trkpt lat="25.14643083853011" lon="-99.95042370428905"></trkpt>
      <trkpt lat="25.146423509219435" lon="-99.95043790048516"></trkpt>
      <trkpt lat="25.146416291046656" lon="-99.95045214720625"></trkpt>
      <trkpt lat="25.146409194932954" lon="-99.95046644140882"></trkpt>
      <trkpt lat="25.14640223179951" lon="-99.9504807800494"></trkpt>
      <trkpt lat="25.14639541256751" lon="-99.95049516008451"></trkpt>
      <trkpt lat="25.146388748158138" lon="-99.95050957847064"></trkpt>
      <trkpt lat="25.146382249492568" lon="-99.95052403216427"></trkpt>
      <trkpt lat="25.146375927491988" lon="-99.95053851812196"></trkpt>
      <trkpt lat="25.146369793077575" lon="-99.95055303330017"></trkpt>
      <trkpt lat="25.146363857170513" lon="-99.95056757465545"></trkpt>
      <trkpt lat="25.146358130691993" lon="-99.95058213914429"></trkpt>
      <trkpt lat="25.146352624563182" lon="-99.95059672372321"></trkpt>
      <trkpt lat="25.146347349705266" lon="-99.9506113253487"></trkpt>
      <trkpt lat="25.146342317039434" lon="-99.95062594097728"></trkpt>
      <trkpt lat="25.146337537486858" lon="-99.95064056756546"></trkpt>
      <trkpt lat="25.146333021968726" lon="-99.95065520206975"></trkpt>
      <trkpt lat="25.146328781406222" lon="-99.95066984144665"></trkpt>
      <trkpt lat="25.14632482672052" lon="-99.95068448265269"></trkpt>
      <trkpt lat="25.146321168832813" lon="-99.95069912264435"></trkpt>
      <trkpt lat="25.146317818664265" lon="-99.95071375837814"></trkpt>
      <trkpt lat="25.146314787136077" lon="-99.95072838681064"></trkpt>
      <trkpt lat="25.146312075718992" lon="-99.95074301434366"></trkpt>
      <trkpt lat="25.14630967212357" lon="-99.95075765027426"></trkpt>
      <trkpt lat="25.14630756663071" lon="-99.95077229590159"></trkpt>
      <trkpt lat="25.1463057495213" lon="-99.95078695252484"></trkpt>
      <trkpt lat="25.146304211076238" lon="-99.95080162144316"></trkpt>
      <trkpt lat="25.146302941576423" lon="-99.95081630395572"></trkpt>
      <trkpt lat="25.146301931302737" lon="-99.95083100136168"></trkpt>
      <trkpt lat="25.146301170536088" lon="-99.95084571496022"></trkpt>
      <trkpt lat="25.146300649557364" lon="-99.9508604460505"></trkpt>
      <trkpt lat="25.146300358647466" lon="-99.95087519593169"></trkpt>
      <trkpt lat="25.14630028808728" lon="-99.95088996590293"></trkpt>
      <trkpt lat="25.146300428157698" lon="-99.95090475726343"></trkpt>
      <trkpt lat="25.14630076913963" lon="-99.95091957131234"></trkpt>
      <trkpt lat="25.146301301313954" lon="-99.9509344093488"></trkpt>
      <trkpt lat="25.146302014961574" lon="-99.950949272672"></trkpt>
      <trkpt lat="25.146302900363384" lon="-99.95096416258112"></trkpt>
      <trkpt lat="25.146303947800273" lon="-99.9509790803753"></trkpt>
      <trkpt lat="25.14630514755314" lon="-99.95099402735372"></trkpt>
      <trkpt lat="25.14630648990288" lon="-99.95100900481553"></trkpt>
      <trkpt lat="25.146307965130386" lon="-99.95102401405991"></trkpt>
      <trkpt lat="25.146309563516553" lon="-99.95103905638605"></trkpt>
      <trkpt lat="25.146311275342274" lon="-99.95105413309307"></trkpt>
      <trkpt lat="25.14631309088844" lon="-99.95106924548016"></trkpt>
      <trkpt lat="25.14631500043596" lon="-99.95108439484649"></trkpt>
      <trkpt lat="25.14631699426571" lon="-99.95109958249122"></trkpt>
      <trkpt lat="25.1463190626586" lon="-99.9511148097135"></trkpt>
      <trkpt lat="25.146321195895517" lon="-99.95113007781254"></trkpt>
      <trkpt lat="25.146323384257354" lon="-99.95114538808747"></trkpt>
      <trkpt lat="25.146325618025006" lon="-99.95116074183746"></trkpt>
      <trkpt lat="25.146327887479373" lon="-99.9511761403617"></trkpt>
      <trkpt lat="25.14633026758603" lon="-99.95119161112403"></trkpt>
      <trkpt lat="25.146332835035572" lon="-99.9512071761875"></trkpt>
      <trkpt lat="25.146335582696423" lon="-99.9512228287499"></trkpt>
      <trkpt lat="25.146338503437" lon="-99.95123856200915"></trkpt>
      <trkpt lat="25.14634159012572" lon="-99.95125436916305"></trkpt>
      <trkpt lat="25.146344835631005" lon="-99.95127024340944"></trkpt>
      <trkpt lat="25.14634823282127" lon="-99.95128617794619"></trkpt>
      <trkpt lat="25.14635177456494" lon="-99.95130216597113"></trkpt>
      <trkpt lat="25.146355453730433" lon="-99.95131820068212"></trkpt>
      <trkpt lat="25.146359263186167" lon="-99.95133427527699"></trkpt>
      <trkpt lat="25.14636319580056" lon="-99.9513503829536"></trkpt>
      <trkpt lat="25.146367244442036" lon="-99.95136651690979"></trkpt>
      <trkpt lat="25.14637140197901" lon="-99.95138267034342"></trkpt>
      <trkpt lat="25.1463756612799" lon="-99.9513988364523"></trkpt>
      <trkpt lat="25.146380015213133" lon="-99.95141500843431"></trkpt>
      <trkpt lat="25.14638445664712" lon="-99.9514311794873"></trkpt>
      <trkpt lat="25.146388978450283" lon="-99.95144734280909"></trkpt>
      <trkpt lat="25.146393573491043" lon="-99.95146349159754"></trkpt>
      <trkpt lat="25.146398234637818" lon="-99.9514796190505"></trkpt>
      <trkpt lat="25.146402954759026" lon="-99.95149571836582"></trkpt>
      <trkpt lat="25.14640772672309" lon="-99.9515117827413"></trkpt>
      <trkpt lat="25.146412543398426" lon="-99.95152780537487"></trkpt>
      <trkpt lat="25.146417397653458" lon="-99.95154377946432"></trkpt>
      <trkpt lat="25.1464222823566" lon="-99.9515596982075"></trkpt>
      <trkpt lat="25.146427190376272" lon="-99.95157555480226"></trkpt>
      <trkpt lat="25.146432114580897" lon="-99.95159134244646"></trkpt>
      <trkpt lat="25.146437047838887" lon="-99.95160705433793"></trkpt>
      <trkpt lat="25.146441983018672" lon="-99.95162268367451"></trkpt>
      <trkpt lat="25.14644691298866" lon="-99.95163822365409"></trkpt>
      <trkpt lat="25.14645183061728" lon="-99.95165366747445"></trkpt>
      <trkpt lat="25.146456810177988" lon="-99.95166914648847"></trkpt>
      <trkpt lat="25.14646192455262" lon="-99.95168478237541"></trkpt>
      <trkpt lat="25.146467164522182" lon="-99.95170055382272"></trkpt>
      <trkpt lat="25.14647252086765" lon="-99.9517164395179"></trkpt>
      <trkpt lat="25.146477984370026" lon="-99.95173241814841"></trkpt>
      <trkpt lat="25.146483545810298" lon="-99.95174846840173"></trkpt>
      <trkpt lat="25.146489195969455" lon="-99.95176456896534"></trkpt>
      <trkpt lat="25.14649492562849" lon="-99.95178069852672"></trkpt>
      <trkpt lat="25.1465007255684" lon="-99.95179683577337"></trkpt>
      <trkpt lat="25.146506586570172" lon="-99.9518129593927"></trkpt>
      <trkpt lat="25.146512499414797" lon="-99.95182904807226"></trkpt>
      <trkpt lat="25.146518454883267" lon="-99.95184508049945"></trkpt>
      <trkpt lat="25.146524443756572" lon="-99.95186103536184"></trkpt>
      <trkpt lat="25.146530456815707" lon="-99.95187689134686"></trkpt>
      <trkpt lat="25.146536484841665" lon="-99.95189262714194"></trkpt>
      <trkpt lat="25.146542518615433" lon="-99.95190822143465"></trkpt>
      <trkpt lat="25.146548548918002" lon="-99.95192365291238"></trkpt>
      <trkpt lat="25.14655456653037" lon="-99.95193890026269"></trkpt>
      <trkpt lat="25.146560562233528" lon="-99.95195394217299"></trkpt>
      <trkpt lat="25.146566526808456" lon="-99.95196875733077"></trkpt>
      <trkpt lat="25.146572451036153" lon="-99.95198332442355"></trkpt>
      <trkpt lat="25.146578325697618" lon="-99.95199762213875"></trkpt>
      <trkpt lat="25.146584141573832" lon="-99.95201162916388"></trkpt>
      <trkpt lat="25.146589889445792" lon="-99.95202532418641"></trkpt>
      <trkpt lat="25.14659556009449" lon="-99.9520386858938"></trkpt>
      <trkpt lat="25.146601144300906" lon="-99.95205169297357"></trkpt>
      <trkpt lat="25.146606632846055" lon="-99.95206432411317"></trkpt>
      <trkpt lat="25.146612016510907" lon="-99.95207655800004"></trkpt>
      <trkpt lat="25.14661728607646" lon="-99.95208837332171"></trkpt>
      <trkpt lat="25.14662243232371" lon="-99.95209974876563"></trkpt>
      <trkpt lat="25.146627316914305" lon="-99.9521106744552"></trkpt>
      <trkpt lat="25.146631832035336" lon="-99.952121168333"></trkpt>
      <trkpt lat="25.146636014255954" lon="-99.95213125081531"></trkpt>
      <trkpt lat="25.1466399001453" lon="-99.95214094231847"></trkpt>
      <trkpt lat="25.146643526272527" lon="-99.95215026325876"></trkpt>
      <trkpt lat="25.146646929206785" lon="-99.95215923405249"></trkpt>
      <trkpt lat="25.146650145517214" lon="-99.95216787511595"></trkpt>
      <trkpt lat="25.146653211772975" lon="-99.9521762068655"></trkpt>
      <trkpt lat="25.146656164543202" lon="-99.95218424971739"></trkpt>
      <trkpt lat="25.146659040397058" lon="-99.95219202408794"></trkpt>
      <trkpt lat="25.146661875903682" lon="-99.95219955039346"></trkpt>
      <trkpt lat="25.14666470763222" lon="-99.95220684905026"></trkpt>
      <trkpt lat="25.14666757215183" lon="-99.95221394047462"></trkpt>
      <trkpt lat="25.146670506031647" lon="-99.95222084508289"></trkpt>
      <trkpt lat="25.146673545840834" lon="-99.95222758329132"></trkpt>
      <trkpt lat="25.146676728148528" lon="-99.95223417551625"></trkpt>
      <trkpt lat="25.146680089523883" lon="-99.95224064217398"></trkpt>
      <trkpt lat="25.146683666536045" lon="-99.95224700368082"></trkpt>
      <trkpt lat="25.146687495754158" lon="-99.95225328045308"></trkpt>
      <trkpt lat="25.146691613747375" lon="-99.95225949290702"></trkpt>
      <trkpt lat="25.146696057084853" lon="-99.95226566145898"></trkpt>
      <trkpt lat="25.146700862335724" lon="-99.95227180652527"></trkpt>
      <trkpt lat="25.146706066069143" lon="-99.95227794852221"></trkpt>
      <trkpt lat="25.14671170485426" lon="-99.95228410786605"></trkpt>
      <trkpt lat="25.14671781526022" lon="-99.95229030497313"></trkpt>
      <trkpt lat="25.14672443385618" lon="-99.95229656025977"></trkpt>
      <trkpt lat="25.14673159721127" lon="-99.95230289414224"></trkpt>
      <trkpt lat="25.14673934189466" lon="-99.95230932703689"></trkpt>
      <trkpt lat="25.146747704475484" lon="-99.95231587935996"></trkpt>
      <trkpt lat="25.14675672152289" lon="-99.95232257152783"></trkpt>
      <trkpt lat="25.14676662098574" lon="-99.95232919196368"></trkpt>
      <trkpt lat="25.14677755397548" lon="-99.9523355329294"></trkpt>
      <trkpt lat="25.14678944180515" lon="-99.95234162059921"></trkpt>
      <trkpt lat="25.146802205787793" lon="-99.95234748114736"></trkpt>
      <trkpt lat="25.146815767236447" lon="-99.95235314074812"></trkpt>
      <trkpt lat="25.14683004746415" lon="-99.95235862557567"></trkpt>
      <trkpt lat="25.146844967783945" lon="-99.95236396180428"></trkpt>
      <trkpt lat="25.146860449508875" lon="-99.95236917560821"></trkpt>
      <trkpt lat="25.146876413951972" lon="-99.95237429316165"></trkpt>
      <trkpt lat="25.14689278242628" lon="-99.9523793406389"></trkpt>
      <trkpt lat="25.146909476244844" lon="-99.95238434421414"></trkpt>
      <trkpt lat="25.1469264167207" lon="-99.95238933006165"></trkpt>
      <trkpt lat="25.146943525166886" lon="-99.95239432435565"></trkpt>
      <trkpt lat="25.14696072289644" lon="-99.9523993532704"></trkpt>
      <trkpt lat="25.146977931222416" lon="-99.95240444298011"></trkpt>
      <trkpt lat="25.146995071457837" lon="-99.95240961965904"></trkpt>
      <trkpt lat="25.147012064915753" lon="-99.9524149094814"></trkpt>
      <trkpt lat="25.147028832909204" lon="-99.95242033862148"></trkpt>
      <trkpt lat="25.147045296751227" lon="-99.9524259332535"></trkpt>
      <trkpt lat="25.147061377754863" lon="-99.95243171955167"></trkpt>
      <trkpt lat="25.147076997233153" lon="-99.95243772369024"></trkpt>
      <trkpt lat="25.147092076499135" lon="-99.95244397184348"></trkpt>
      <trkpt lat="25.147106536865856" lon="-99.95245049018558"></trkpt>
      <trkpt lat="25.14712029964635" lon="-99.95245730489086"></trkpt>
      <trkpt lat="25.147133286153654" lon="-99.95246444213346"></trkpt>
      <trkpt lat="25.147145417700816" lon="-99.95247192808768"></trkpt>
      <trkpt lat="25.14715661560087" lon="-99.95247978892776"></trkpt>
      <trkpt lat="25.14716680116686" lon="-99.95248805082791"></trkpt>
      <trkpt lat="25.147175895711825" lon="-99.95249673996238"></trkpt>
      <trkpt lat="25.147183820548804" lon="-99.95250588250545"></trkpt>
      <trkpt lat="25.147190593327636" lon="-99.95251552295079"></trkpt>
      <trkpt lat="25.14719632694406" lon="-99.95252566716294"></trkpt>
      <trkpt lat="25.14720108557996" lon="-99.95253628337232"></trkpt>
      <trkpt lat="25.147204933417253" lon="-99.95254733980931"></trkpt>
      <trkpt lat="25.147207934637827" lon="-99.95255880470431"></trkpt>
      <trkpt lat="25.14721015342357" lon="-99.95257064628771"></trkpt>
      <trkpt lat="25.147211653956383" lon="-99.95258283278994"></trkpt>
      <trkpt lat="25.147212500418163" lon="-99.95259533244138"></trkpt>
      <trkpt lat="25.147212756990804" lon="-99.95260811347242"></trkpt>
      <trkpt lat="25.1472124878562" lon="-99.9526211441135"></trkpt>
      <trkpt lat="25.147211757196253" lon="-99.95263439259494"></trkpt>
      <trkpt lat="25.147210629192855" lon="-99.95264782714723"></trkpt>
      <trkpt lat="25.147209168027903" lon="-99.95266141600071"></trkpt>
      <trkpt lat="25.147207437883292" lon="-99.9526751273858"></trkpt>
      <trkpt lat="25.147205502940913" lon="-99.95268892953288"></trkpt>
      <trkpt lat="25.147203427382678" lon="-99.9527027906724"></trkpt>
      <trkpt lat="25.14720127539046" lon="-99.95271667903472"></trkpt>
      <trkpt lat="25.147199111146175" lon="-99.95273056285025"></trkpt>
      <trkpt lat="25.14719699883171" lon="-99.95274441034937"></trkpt>
      <trkpt lat="25.147195002628955" lon="-99.95275818976252"></trkpt>
      <trkpt lat="25.147193186719818" lon="-99.95277186932006"></trkpt>
      <trkpt lat="25.147191615286182" lon="-99.9527854172524"></trkpt>
      <trkpt lat="25.147190352509956" lon="-99.95279880178995"></trkpt>
      <trkpt lat="25.14718946257303" lon="-99.9528119911631"></trkpt>
      <trkpt lat="25.1471890096573" lon="-99.95282495360227"></trkpt>
      <trkpt lat="25.147189057944658" lon="-99.95283765733784"></trkpt>
      <trkpt lat="25.147189671617006" lon="-99.9528500706002"></trkpt>
      <trkpt lat="25.147190914856235" lon="-99.95286216161976"></trkpt>
      <trkpt lat="25.147192851844245" lon="-99.95287389862693"></trkpt>
      <trkpt lat="25.14719554676293" lon="-99.95288524985207"></trkpt>
      <trkpt lat="25.147198836278182" lon="-99.952896204729"></trkpt>
      <trkpt lat="25.147202499910655" lon="-99.95290679358699"></trkpt>
      <trkpt lat="25.147206516124392" lon="-99.95291704599971"></trkpt>
      <trkpt lat="25.147210863383442" lon="-99.95292699154092"></trkpt>
      <trkpt lat="25.14721552015184" lon="-99.95293665978429"></trkpt>
      <trkpt lat="25.147220464893635" lon="-99.95294608030355"></trkpt>
      <trkpt lat="25.147225676072875" lon="-99.95295528267236"></trkpt>
      <trkpt lat="25.14723113215359" lon="-99.95296429646449"></trkpt>
      <trkpt lat="25.147236811599836" lon="-99.9529731512536"></trkpt>
      <trkpt lat="25.147242692875643" lon="-99.9529818766134"></trkpt>
      <trkpt lat="25.14724875444507" lon="-99.95299050211763"></trkpt>
      <trkpt lat="25.14725497477215" lon="-99.95299905733995"></trkpt>
      <trkpt lat="25.147261332320927" lon="-99.95300757185409"></trkpt>
      <trkpt lat="25.147267805555447" lon="-99.95301607523376"></trkpt>
      <trkpt lat="25.14727437293975" lon="-99.95302459705266"></trkpt>
      <trkpt lat="25.14728101293789" lon="-99.95303316688448"></trkpt>
      <trkpt lat="25.147287704013895" lon="-99.95304181430295"></trkpt>
      <trkpt lat="25.147294424631816" lon="-99.95305056888178"></trkpt>
      <trkpt lat="25.147301153255697" lon="-99.95305946019465"></trkpt>
      <trkpt lat="25.14730786834958" lon="-99.95306851781528"></trkpt>
      <trkpt lat="25.14731454837751" lon="-99.95307777131737"></trkpt>
      <trkpt lat="25.147321171803522" lon="-99.95308725027463"></trkpt>
      <trkpt lat="25.147327717091674" lon="-99.95309698426078"></trkpt>
      <trkpt lat="25.147334162706" lon="-99.95310700284949"></trkpt>
      <trkpt lat="25.14734048711054" lon="-99.9531173356145"></trkpt>
      <trkpt lat="25.14734666876934" lon="-99.95312801212951"></trkpt>
      <trkpt lat="25.147352686146455" lon="-99.9531390619682"></trkpt>
      <trkpt lat="25.14735851770591" lon="-99.95315051470432"></trkpt>
      <trkpt lat="25.147364141911762" lon="-99.95316239991153"></trkpt>
      <trkpt lat="25.147369537228045" lon="-99.9531747471636"></trkpt>
      <trkpt lat="25.147374790613167" lon="-99.95318761375866"></trkpt>
      <trkpt lat="25.14738000376555" lon="-99.95320101237954"></trkpt>
      <trkpt lat="25.14738517725929" lon="-99.95321490567689"></trkpt>
      <trkpt lat="25.147390311668467" lon="-99.9532292563013"></trkpt>
      <trkpt lat="25.14739540756717" lon="-99.95324402690343"></trkpt>
      <trkpt lat="25.147400465529483" lon="-99.95325918013388"></trkpt>
      <trkpt lat="25.147405486129497" lon="-99.95327467864331"></trkpt>
      <trkpt lat="25.147410469941295" lon="-99.95329048508232"></trkpt>
      <trkpt lat="25.14741541753897" lon="-99.95330656210153"></trkpt>
      <trkpt lat="25.147420329496597" lon="-99.95332287235159"></trkpt>
      <trkpt lat="25.147425206388274" lon="-99.95333937848311"></trkpt>
      <trkpt lat="25.14743004878808" lon="-99.95335604314671"></trkpt>
      <trkpt lat="25.147434857270103" lon="-99.95337282899305"></trkpt>
      <trkpt lat="25.147439632408435" lon="-99.95338969867271"></trkpt>
      <trkpt lat="25.147444374777155" lon="-99.95340661483637"></trkpt>
      <trkpt lat="25.147449084950356" lon="-99.9534235401346"></trkpt>
      <trkpt lat="25.147453763502124" lon="-99.95344043721805"></trkpt>
      <trkpt lat="25.14745841100654" lon="-99.95345726873735"></trkpt>
      <trkpt lat="25.147463028037695" lon="-99.95347399734312"></trkpt>
      <trkpt lat="25.147467615169678" lon="-99.95349058568601"></trkpt>
      <trkpt lat="25.147472172976567" lon="-99.9535069964166"></trkpt>
      <trkpt lat="25.14747670203246" lon="-99.95352319218557"></trkpt>
      <trkpt lat="25.14748120291144" lon="-99.95353913564351"></trkpt>
      <trkpt lat="25.147485676187586" lon="-99.95355478944106"></trkpt>
      <trkpt lat="25.147490122434988" lon="-99.95357011622882"></trkpt>
      <trkpt lat="25.14749454222774" lon="-99.95358507865745"></trkpt>
      <trkpt lat="25.14749893613992" lon="-99.95359963937757"></trkpt>
      <trkpt lat="25.147503304745616" lon="-99.95361376103979"></trkpt>
      <trkpt lat="25.14750764861892" lon="-99.95362740629474"></trkpt>
      <trkpt lat="25.147511968333916" lon="-99.95364053779305"></trkpt>
      <trkpt lat="25.147516204938995" lon="-99.95365306647439"></trkpt>
      <trkpt lat="25.147520306901143" lon="-99.9536649619273"></trkpt>
      <trkpt lat="25.147524285922355" lon="-99.95367627477582"></trkpt>
      <trkpt lat="25.1475281537046" lon="-99.95368705564395"></trkpt>
      <trkpt lat="25.147531921949863" lon="-99.95369735515573"></trkpt>
      <trkpt lat="25.147535602360126" lon="-99.95370722393514"></trkpt>
      <trkpt lat="25.147539206637376" lon="-99.95371671260622"></trkpt>
      <trkpt lat="25.14754274648359" lon="-99.95372587179298"></trkpt>
      <trkpt lat="25.14754623360075" lon="-99.95373475211943"></trkpt>
      <trkpt lat="25.14754967969084" lon="-99.9537434042096"></trkpt>
      <trkpt lat="25.147553096455848" lon="-99.95375187868751"></trkpt>
      <trkpt lat="25.14755649559774" lon="-99.95376022617715"></trkpt>
      <trkpt lat="25.147559888818513" lon="-99.95376849730255"></trkpt>
      <trkpt lat="25.14756328782014" lon="-99.95377674268771"></trkpt>
      <trkpt lat="25.147566704304616" lon="-99.95378501295666"></trkpt>
      <trkpt lat="25.147570149973905" lon="-99.95379335873344"></trkpt>
      <trkpt lat="25.147573636529998" lon="-99.95380183064202"></trkpt>
      <trkpt lat="25.147577175674883" lon="-99.95381047930644"></trkpt>
      <trkpt lat="25.147580779110527" lon="-99.95381935535069"></trkpt>
      <trkpt lat="25.14758445853893" lon="-99.95382850939883"></trkpt>
      <trkpt lat="25.147588225662055" lon="-99.95383799207484"></trkpt>
      <trkpt lat="25.147592092181903" lon="-99.95384785400275"></trkpt>
      <trkpt lat="25.14759606980044" lon="-99.95385814580658"></trkpt>
      <trkpt lat="25.14760017021966" lon="-99.95386891811033"></trkpt>
      <trkpt lat="25.147604405141536" lon="-99.95388022153803"></trkpt>
      <trkpt lat="25.14760878626806" lon="-99.95389210671368"></trkpt>
      <trkpt lat="25.1476133253012" lon="-99.95390462426131"></trkpt>
      <trkpt lat="25.147618033942955" lon="-99.95391782480493"></trkpt>
      <trkpt lat="25.14762292389529" lon="-99.95393175896857"></trkpt>
      <trkpt lat="25.147628006860202" lon="-99.95394647737616"></trkpt>
      <trkpt lat="25.14763329679488" lon="-99.95396199583689"></trkpt>
      <trkpt lat="25.147638791204784" lon="-99.95397826513563"></trkpt>
      <trkpt lat="25.14764447711432" lon="-99.95399523836012"></trkpt>
      <trkpt lat="25.14765034154786" lon="-99.95401286859814"></trkpt>
      <trkpt lat="25.1476563715298" lon="-99.95403110893744"></trkpt>
      <trkpt lat="25.147662554084526" lon="-99.95404991246579"></trkpt>
      <trkpt lat="25.147668876236434" lon="-99.95406923227097"></trkpt>
      <trkpt lat="25.14767532500991" lon="-99.95408902144075"></trkpt>
      <trkpt lat="25.147681887429332" lon="-99.95410923306285"></trkpt>
      <trkpt lat="25.147688550519103" lon="-99.95412982022509"></trkpt>
      <trkpt lat="25.147695301303603" lon="-99.95415073601521"></trkpt>
      <trkpt lat="25.147702126807225" lon="-99.95417193352095"></trkpt>
      <trkpt lat="25.14770901405436" lon="-99.95419336583014"></trkpt>
      <trkpt lat="25.147715950069387" lon="-99.95421498603046"></trkpt>
      <trkpt lat="25.1477229218767" lon="-99.95423674720978"></trkpt>
      <trkpt lat="25.147729916500694" lon="-99.95425860245577"></trkpt>
      <trkpt lat="25.14773692096575" lon="-99.95428050485624"></trkpt>
      <trkpt lat="25.14774392229626" lon="-99.95430240749897"></trkpt>
      <trkpt lat="25.147750907516613" lon="-99.95432426347168"></trkpt>
      <trkpt lat="25.147757863651194" lon="-99.95434602586216"></trkpt>
      <trkpt lat="25.147764777724397" lon="-99.95436764775818"></trkpt>
      <trkpt lat="25.147771636760606" lon="-99.9543890822475"></trkpt>
      <trkpt lat="25.147778427784214" lon="-99.9544102824179"></trkpt>
      <trkpt lat="25.147785137819607" lon="-99.95443120135712"></trkpt>
      <trkpt lat="25.14779175389117" lon="-99.95445179215292"></trkpt>
      <trkpt lat="25.147798263023297" lon="-99.9544720078931"></trkpt>
      <trkpt lat="25.147804652240378" lon="-99.9544918016654"></trkpt>
      <trkpt lat="25.147810908566804" lon="-99.9545111265576"></trkpt>
      <trkpt lat="25.147817019026956" lon="-99.95452993565745"></trkpt>
      <trkpt lat="25.147822970645223" lon="-99.95454818205275"></trkpt>
      <trkpt lat="25.14782883385002" lon="-99.95456598417977"></trkpt>
      <trkpt lat="25.147834685463145" lon="-99.9545835023747"></trkpt>
      <trkpt lat="25.14784052209908" lon="-99.95460075257506"></trkpt>
      <trkpt lat="25.147846340372293" lon="-99.95461775071837"></trkpt>
      <trkpt lat="25.147852136897267" lon="-99.95463451274212"></trkpt>
      <trkpt lat="25.147857908288476" lon="-99.95465105458383"></trkpt>
      <trkpt lat="25.147863651160403" lon="-99.95466739218102"></trkpt>
      <trkpt lat="25.147869362127512" lon="-99.95468354147121"></trkpt>
      <trkpt lat="25.147875037804294" lon="-99.9546995183919"></trkpt>
      <trkpt lat="25.14788067480521" lon="-99.95471533888062"></trkpt>
      <trkpt lat="25.147886269744756" lon="-99.95473101887487"></trkpt>
      <trkpt lat="25.14789181923739" lon="-99.95474657431218"></trkpt>
      <trkpt lat="25.1478973198976" lon="-99.95476202113004"></trkpt>
      <trkpt lat="25.147902768339858" lon="-99.95477737526598"></trkpt>
      <trkpt lat="25.14790816117864" lon="-99.9547926526575"></trkpt>
      <trkpt lat="25.14791349502843" lon="-99.95480786924213"></trkpt>
      <trkpt lat="25.147918766503697" lon="-99.95482304095738"></trkpt>
      <trkpt lat="25.14792397221892" lon="-99.95483818374076"></trkpt>
      <trkpt lat="25.147929108788574" lon="-99.9548533135298"></trkpt>
      <trkpt lat="25.14793417282714" lon="-99.954868446262"></trkpt>
      <trkpt lat="25.147939160949086" lon="-99.95488359787485"></trkpt>
      <trkpt lat="25.1479440697689" lon="-99.9548987843059"></trkpt>
      <trkpt lat="25.147948895901052" lon="-99.95491402149264"></trkpt>
      <trkpt lat="25.14795363596002" lon="-99.9549293253726"></trkpt>
      <trkpt lat="25.14795828656028" lon="-99.95494471188331"></trkpt>
      <trkpt lat="25.147962844316314" lon="-99.95496019696225"></trkpt>
      <trkpt lat="25.147967305842588" lon="-99.95497579654695"></trkpt>
      <trkpt lat="25.14797166775359" lon="-99.95499152657493"></trkpt>
      <trkpt lat="25.147975926663786" lon="-99.95500740298367"></trkpt>
      <trkpt lat="25.14798007918766" lon="-99.95502344171074"></trkpt>
      <trkpt lat="25.14798411332044" lon="-99.95503962844408"></trkpt>
      <trkpt lat="25.147988022915904" lon="-99.95505593106127"></trkpt>
      <trkpt lat="25.14799181337635" lon="-99.95507233878418"></trkpt>
      <trkpt lat="25.147995490104083" lon="-99.95508884083468"></trkpt>
      <trkpt lat="25.1479990585014" lon="-99.95510542643463"></trkpt>
      <trkpt lat="25.148002523970604" lon="-99.9551220848059"></trkpt>
      <trkpt lat="25.14800589191399" lon="-99.95513880517038"></trkpt>
      <trkpt lat="25.148009167733864" lon="-99.95515557674993"></trkpt>
      <trkpt lat="25.14801235683252" lon="-99.9551723887664"></trkpt>
      <trkpt lat="25.148015464612264" lon="-99.95518923044168"></trkpt>
      <trkpt lat="25.148018496475395" lon="-99.95520609099765"></trkpt>
      <trkpt lat="25.148021457824207" lon="-99.95522295965614"></trkpt>
      <trkpt lat="25.14802435406101" lon="-99.95523982563904"></trkpt>
      <trkpt lat="25.1480271905881" lon="-99.95525667816825"></trkpt>
      <trkpt lat="25.148029972807777" lon="-99.95527350646557"></trkpt>
      <trkpt lat="25.148032706122336" lon="-99.95529029975295"></trkpt>
      <trkpt lat="25.148035395934087" lon="-99.9553070472522"></trkpt>
      <trkpt lat="25.148038047645322" lon="-99.95532373818523"></trkpt>
      <trkpt lat="25.14804066665835" lon="-99.95534036177385"></trkpt>
      <trkpt lat="25.148043258375466" lon="-99.95535690724"></trkpt>
      <trkpt lat="25.148045828198963" lon="-99.9553733638055"></trkpt>
      <trkpt lat="25.148048381531154" lon="-99.95538972069225"></trkpt>
      <trkpt lat="25.14805092377434" lon="-99.9554059671221"></trkpt>
      <trkpt lat="25.148053460330807" lon="-99.95542209231694"></trkpt>
      <trkpt lat="25.14805599660286" lon="-99.95543808549861"></trkpt>
      <trkpt lat="25.148058537992807" lon="-99.955453935889"></trkpt>
      <trkpt lat="25.148061089902946" lon="-99.95546963270996"></trkpt>
      <trkpt lat="25.14806365773557" lon="-99.95548516518339"></trkpt>
      <trkpt lat="25.148066246892988" lon="-99.95550052253115"></trkpt>
      <trkpt lat="25.148068862777492" lon="-99.9555156939751"></trkpt>
      <trkpt lat="25.14807137535203" lon="-99.9555310091839"></trkpt>
      <trkpt lat="25.148073665809385" lon="-99.95554676573447"></trkpt>
      <trkpt lat="25.14807575639662" lon="-99.95556290471093"></trkpt>
      <trkpt lat="25.14807766936079" lon="-99.95557936719752"></trkpt>
      <trkpt lat="25.148079426948975" lon="-99.95559609427836"></trkpt>
      <trkpt lat="25.148081051408226" lon="-99.95561302703769"></trkpt>
      <trkpt lat="25.14808256498561" lon="-99.95563010655967"></trkpt>
      <trkpt lat="25.148083989928196" lon="-99.95564727392845"></trkpt>
      <trkpt lat="25.14808534848304" lon="-99.95566447022826"></trkpt>
      <trkpt lat="25.14808666289721" lon="-99.95568163654326"></trkpt>
      <trkpt lat="25.14808795541777" lon="-99.95569871395762"></trkpt>
      <trkpt lat="25.14808924829177" lon="-99.95571564355552"></trkpt>
      <trkpt lat="25.1480905637663" lon="-99.95573236642116"></trkpt>
      <trkpt lat="25.148091924088405" lon="-99.9557488236387"></trkpt>
      <trkpt lat="25.148093351505146" lon="-99.95576495629236"></trkpt>
      <trkpt lat="25.148094868263602" lon="-99.95578070546625"></trkpt>
      <trkpt lat="25.148096496610826" lon="-99.9557960122446"></trkpt>
      <trkpt lat="25.148098258793883" lon="-99.95581081771161"></trkpt>
      <trkpt lat="25.148100177059835" lon="-99.95582506295139"></trkpt>
      <trkpt lat="25.14810227365575" lon="-99.95583868904818"></trkpt>
      <trkpt lat="25.148104570828693" lon="-99.95585163708614"></trkpt>
      <trkpt lat="25.148107090825718" lon="-99.95586384814946"></trkpt>
      <trkpt lat="25.1481098558939" lon="-99.95587526332233"></trkpt>
      <trkpt lat="25.1481128882803" lon="-99.95588582368889"></trkpt>
      <trkpt lat="25.148116210231972" lon="-99.95589547033335"></trkpt>
      <trkpt lat="25.14811984399599" lon="-99.9559041443399"></trkpt>
      <trkpt lat="25.14812381181941" lon="-99.95591178679268"></trkpt>
      <trkpt lat="25.148128135949307" lon="-99.9559183387759"></trkpt>
      <trkpt lat="25.148132838632737" lon="-99.95592374137375"></trkpt>
      <trkpt lat="25.14813794211676" lon="-99.95592793567036"></trkpt>
      <trkpt lat="25.148143493572707" lon="-99.95593078391457"></trkpt>
      <trkpt lat="25.148149506048476" lon="-99.95593224049217"></trkpt>
      <trkpt lat="25.14815595060596" lon="-99.9559323846929"></trkpt>
      <trkpt lat="25.14816279830709" lon="-99.95593129580652"></trkpt>
      <trkpt lat="25.148170020213765" lon="-99.9559290531228"></trkpt>
      <trkpt lat="25.14817758738791" lon="-99.95592573593152"></trkpt>
      <trkpt lat="25.148185470891427" lon="-99.95592142352235"></trkpt>
      <trkpt lat="25.14819364178623" lon="-99.95591619518511"></trkpt>
      <trkpt lat="25.148202071134232" lon="-99.95591013020953"></trkpt>
      <trkpt lat="25.148210729997356" lon="-99.95590330788536"></trkpt>
      <trkpt lat="25.148219589437495" lon="-99.95589580750239"></trkpt>
      <trkpt lat="25.148228620516573" lon="-99.9558877083503"></trkpt>
      <trkpt lat="25.1482377942965" lon="-99.95587908971893"></trkpt>
      <trkpt lat="25.14824708183919" lon="-99.95587003089798"></trkpt>
      <trkpt lat="25.148256454206553" lon="-99.95586061117723"></trkpt>
      <trkpt lat="25.148265882460503" lon="-99.95585090984642"></trkpt>
      <trkpt lat="25.14827533766295" lon="-99.9558410061953"></trkpt>
      <trkpt lat="25.14828479087581" lon="-99.95583097951362"></trkpt>
      <trkpt lat="25.14829421316099" lon="-99.95582090909114"></trkpt>
      <trkpt lat="25.14830357558041" lon="-99.95581087421765"></trkpt>
      <trkpt lat="25.148312849195978" lon="-99.95580095418283"></trkpt>
      <trkpt lat="25.148322005069602" lon="-99.9557912282765"></trkpt>
      <trkpt lat="25.1483310142632" lon="-99.9557817757884"></trkpt>
      <trkpt lat="25.148339847838674" lon="-99.95577267600824"></trkpt>
      <trkpt lat="25.148348476857958" lon="-99.95576400822583"></trkpt>
      <trkpt lat="25.148356872382944" lon="-99.9557558517309"></trkpt>
      <trkpt lat="25.148365005475554" lon="-99.95574828581319"></trkpt>
      <trkpt lat="25.14837284719769" lon="-99.95574138976248"></trkpt>
      <trkpt lat="25.148380368611285" lon="-99.9557352428685"></trkpt>
      <trkpt lat="25.14838754077823" lon="-99.95572992442105"></trkpt>
      <trkpt lat="25.148394422731542" lon="-99.95572516595027"></trkpt>
      <trkpt lat="25.148401101284897" lon="-99.95572063758806"></trkpt>
      <trkpt lat="25.148407589171185" lon="-99.95571632652664"></trkpt>
      <trkpt lat="25.148413899123312" lon="-99.95571221995826"></trkpt>
      <trkpt lat="25.148420043874182" lon="-99.95570830507516"></trkpt>
      <trkpt lat="25.14842603615669" lon="-99.95570456906958"></trkpt>
      <trkpt lat="25.14843188870374" lon="-99.95570099913375"></trkpt>
      <trkpt lat="25.148437614248234" lon="-99.95569758245993"></trkpt>
      <trkpt lat="25.148443225523078" lon="-99.95569430624033"></trkpt>
      <trkpt lat="25.148448735261162" lon="-99.95569115766719"></trkpt>
      <trkpt lat="25.148454156195395" lon="-99.95568812393277"></trkpt>
      <trkpt lat="25.14845950105868" lon="-99.95568519222931"></trkpt>
      <trkpt lat="25.148464782583915" lon="-99.95568234974903"></trkpt>
      <trkpt lat="25.148470013504" lon="-99.95567958368417"></trkpt>
      <trkpt lat="25.148475206551836" lon="-99.95567688122699"></trkpt>
      <trkpt lat="25.14848037446033" lon="-99.95567422956971"></trkpt>
      <trkpt lat="25.14848552996237" lon="-99.95567161590458"></trkpt>
      <trkpt lat="25.14849068579088" lon="-99.95566902742382"></trkpt>
      <trkpt lat="25.14849585467874" lon="-99.9556664513197"></trkpt>
      <trkpt lat="25.14850104935886" lon="-99.95566387478442"></trkpt>
      <trkpt lat="25.14850628256414" lon="-99.95566128501027"></trkpt>
      <trkpt lat="25.14851156702748" lon="-99.95565866918945"></trkpt>
      <trkpt lat="25.148516915481782" lon="-99.9556560145142"></trkpt>
      <trkpt lat="25.148522340659955" lon="-99.95565330817678"></trkpt>
      <trkpt lat="25.148527855294887" lon="-99.95565053736941"></trkpt>
      <trkpt lat="25.14853347211948" lon="-99.95564768928432"></trkpt>
      <trkpt lat="25.148539203866655" lon="-99.95564475111378"></trkpt>
      <trkpt lat="25.148545063269285" lon="-99.95564171005002"></trkpt>
      <trkpt lat="25.148551063060292" lon="-99.95563855328525"></trkpt>
      <trkpt lat="25.14855721597257" lon="-99.95563526801178"></trkpt>
      <trkpt lat="25.148563517614882" lon="-99.95563194082709"></trkpt>
      <trkpt lat="25.14856994839532" lon="-99.95562866228353"></trkpt>
      <trkpt lat="25.148576498245774" lon="-99.95562542550556"></trkpt>
      <trkpt lat="25.148583157098134" lon="-99.95562222361762"></trkpt>
      <trkpt lat="25.148589914884308" lon="-99.95561904974416"></trkpt>
      <trkpt lat="25.14859676153617" lon="-99.9556158970096"></trkpt>
      <trkpt lat="25.148603686985624" lon="-99.9556127585384"></trkpt>
      <trkpt lat="25.14861068116456" lon="-99.95560962745495"></trkpt>
      <trkpt lat="25.14861773400487" lon="-99.95560649688375"></trkpt>
      <trkpt lat="25.14862483543844" lon="-99.9556033599492"></trkpt>
      <trkpt lat="25.14863197539718" lon="-99.95560020977575"></trkpt>
      <trkpt lat="25.14863914381297" lon="-99.95559703948786"></trkpt>
      <trkpt lat="25.148646330617705" lon="-99.95559384220992"></trkpt>
      <trkpt lat="25.14865352574328" lon="-99.95559061106641"></trkpt>
      <trkpt lat="25.148660719121587" lon="-99.95558733918178"></trkpt>
      <trkpt lat="25.14866790068452" lon="-99.9555840196804"></trkpt>
      <trkpt lat="25.148675060363963" lon="-99.95558064568678"></trkpt>
      <trkpt lat="25.14868218809182" lon="-99.95557721032534"></trkpt>
      <trkpt lat="25.148689273799977" lon="-99.9555737067205"></trkpt>
      <trkpt lat="25.148696307420337" lon="-99.95557012799672"></trkpt>
      <trkpt lat="25.148703278884778" lon="-99.95556646727843"></trkpt>
      <trkpt lat="25.148710178125203" lon="-99.95556271769006"></trkpt>
      <trkpt lat="25.148716995073496" lon="-99.95555887235606"></trkpt>
      <trkpt lat="25.14872371966156" lon="-99.95555492440087"></trkpt>
      <trkpt lat="25.148730341821285" lon="-99.95555086694891"></trkpt>
      <trkpt lat="25.148736851484564" lon="-99.95554669312466"></trkpt>
      <trkpt lat="25.148743238583283" lon="-99.95554239605252"></trkpt>
      <trkpt lat="25.148749493049344" lon="-99.95553796885693"></trkpt>
      <trkpt lat="25.14875560481463" lon="-99.95553340466236"></trkpt>
      <trkpt lat="25.14876156381105" lon="-99.95552869659318"></trkpt>
      <trkpt lat="25.14876730838144" lon="-99.95552392895796"></trkpt>
      <trkpt lat="25.148772797871434" lon="-99.95551918297157"></trkpt>
      <trkpt lat="25.148778053717088" lon="-99.95551444711809"></trkpt>
      <trkpt lat="25.148783097354457" lon="-99.9555097098816"></trkpt>
      <trkpt lat="25.148787950219585" lon="-99.95550495974614"></trkpt>
      <trkpt lat="25.14879263374853" lon="-99.9555001851958"></trkpt>
      <trkpt lat="25.148797169377357" lon="-99.95549537471467"></trkpt>
      <trkpt lat="25.14880157854211" lon="-99.95549051678681"></trkpt>
      <trkpt lat="25.148805882678836" lon="-99.95548559989628"></trkpt>
      <trkpt lat="25.148810103223603" lon="-99.95548061252718"></trkpt>
      <trkpt lat="25.148814261612458" lon="-99.95547554316359"></trkpt>
      <trkpt lat="25.14881837928145" lon="-99.95547038028953"></trkpt>
      <trkpt lat="25.148822477666645" lon="-99.9554651123891"></trkpt>
      <trkpt lat="25.148826578204083" lon="-99.95545972794639"></trkpt>
      <trkpt lat="25.148830702329825" lon="-99.95545421544549"></trkpt>
      <trkpt lat="25.148834871479927" lon="-99.95544856337041"></trkpt>
      <trkpt lat="25.148839107090442" lon="-99.95544276020527"></trkpt>
      <trkpt lat="25.148843430597417" lon="-99.95543679443414"></trkpt>
      <trkpt lat="25.148847863436913" lon="-99.95543065454108"></trkpt>
      <trkpt lat="25.14885242704498" lon="-99.95542432901019"></trkpt>
      <trkpt lat="25.148857142857672" lon="-99.95541780632547"></trkpt>
      <trkpt lat="25.14886203231104" lon="-99.95541107497108"></trkpt>
      <trkpt lat="25.14886711684115" lon="-99.95540412343107"></trkpt>
      <trkpt lat="25.148872417884046" lon="-99.95539694018947"></trkpt>
      <trkpt lat="25.14887795687578" lon="-99.95538951373041"></trkpt>
      <trkpt lat="25.148883755252402" lon="-99.95538183253794"></trkpt>
      <trkpt lat="25.148889834449985" lon="-99.9553738850961"></trkpt>
      <trkpt lat="25.148896215904568" lon="-99.95536565988903"></trkpt>
      <trkpt lat="25.148902921052198" lon="-99.95535714540075"></trkpt>
      <trkpt lat="25.14890997132895" lon="-99.95534833011538"></trkpt>
      <trkpt lat="25.14891732228091" lon="-99.95533915041656"></trkpt>
      <trkpt lat="25.148924908975477" lon="-99.95532956575828"></trkpt>
      <trkpt lat="25.148932722130667" lon="-99.95531959923008"></trkpt>
      <trkpt lat="25.148940752464462" lon="-99.95530927392146"></trkpt>
      <trkpt lat="25.14894899069488" lon="-99.95529861292192"></trkpt>
      <trkpt lat="25.148957427539916" lon="-99.95528763932103"></trkpt>
      <trkpt lat="25.14896605371757" lon="-99.95527637620829"></trkpt>
      <trkpt lat="25.148974859945845" lon="-99.9552648466732"></trkpt>
      <trkpt lat="25.148983836942747" lon="-99.95525307380531"></trkpt>
      <trkpt lat="25.148992975426268" lon="-99.95524108069411"></trkpt>
      <trkpt lat="25.14900226611442" lon="-99.95522889042913"></trkpt>
      <trkpt lat="25.149011699725197" lon="-99.9552165260999"></trkpt>
      <trkpt lat="25.149021266976604" lon="-99.95520401079592"></trkpt>
      <trkpt lat="25.14903095858664" lon="-99.95519136760674"></trkpt>
      <trkpt lat="25.14904076527331" lon="-99.95517861962185"></trkpt>
      <trkpt lat="25.149050677754612" lon="-99.95516578993077"></trkpt>
      <trkpt lat="25.149060686748548" lon="-99.95515290162304"></trkpt>
      <trkpt lat="25.149070782973123" lon="-99.95513997778816"></trkpt>
      <trkpt lat="25.14908095714633" lon="-99.95512704151565"></trkpt>
      <trkpt lat="25.149091199986184" lon="-99.95511411589506"></trkpt>
      <trkpt lat="25.149101502210673" lon="-99.95510122401586"></trkpt>
      <trkpt lat="25.149111854537807" lon="-99.9550883889676"></trkpt>
      <trkpt lat="25.149122247685582" lon="-99.9550756338398"></trkpt>
      <trkpt lat="25.14913267237201" lon="-99.95506298172197"></trkpt>
      <trkpt lat="25.149143119315077" lon="-99.95505045570364"></trkpt>
      <trkpt lat="25.149153579232795" lon="-99.95503807887431"></trkpt>
      <trkpt lat="25.149164042843164" lon="-99.95502587432352"></trkpt>
      <trkpt lat="25.149174500864184" lon="-99.95501386514077"></trkpt>
      <trkpt lat="25.149184944013854" lon="-99.9550020744156"></trkpt>
      <trkpt lat="25.14919536301018" lon="-99.95499052523753"></trkpt>
      <trkpt lat="25.149205836469047" lon="-99.95497915048743"></trkpt>
      <trkpt lat="25.14921644368526" lon="-99.95496786364113"></trkpt>
      <trkpt lat="25.149227176395176" lon="-99.95495665868063"></trkpt>
      <trkpt lat="25.14923802633517" lon="-99.95494552958783"></trkpt>
      <trkpt lat="25.1492489852416" lon="-99.95493447034472"></trkpt>
      <trkpt lat="25.149260044850845" lon="-99.95492347493325"></trkpt>
      <trkpt lat="25.149271196899264" lon="-99.95491253733539"></trkpt>
      <trkpt lat="25.14928243312322" lon="-99.95490165153306"></trkpt>
      <trkpt lat="25.149293745259083" lon="-99.95489081150825"></trkpt>
      <trkpt lat="25.14930512504322" lon="-99.95488001124289"></trkpt>
      <trkpt lat="25.149316564211997" lon="-99.95486924471895"></trkpt>
      <trkpt lat="25.149328054501787" lon="-99.9548585059184"></trkpt>
      <trkpt lat="25.14933958764895" lon="-99.95484778882314"></trkpt>
      <trkpt lat="25.14935115538985" lon="-99.95483708741517"></trkpt>
      <trkpt lat="25.14936274946086" lon="-99.95482639567643"></trkpt>
      <trkpt lat="25.149374361598344" lon="-99.9548157075889"></trkpt>
      <trkpt lat="25.149385983538668" lon="-99.95480501713452"></trkpt>
      <trkpt lat="25.149397607018198" lon="-99.95479431829524"></trkpt>
      <trkpt lat="25.149409223773308" lon="-99.95478360505301"></trkpt>
      <trkpt lat="25.14942082554035" lon="-99.9547728713898"></trkpt>
      <trkpt lat="25.149432404055702" lon="-99.95476211128755"></trkpt>
      <trkpt lat="25.149443951055733" lon="-99.95475131872824"></trkpt>
      <trkpt lat="25.149455458276794" lon="-99.95474048769378"></trkpt>
      <trkpt lat="25.14946691745527" lon="-99.95472961216619"></trkpt>
      <trkpt lat="25.14947832032752" lon="-99.95471868612736"></trkpt>
      <trkpt lat="25.149489658629903" lon="-99.9547077035593"></trkpt>
      <trkpt lat="25.149500924098803" lon="-99.95469665844391"></trkpt>
      <trkpt lat="25.14951210847057" lon="-99.9546855447632"></trkpt>
      <trkpt lat="25.14952320348158" lon="-99.95467435649908"></trkpt>
      <trkpt lat="25.149534200868192" lon="-99.95466308763352"></trkpt>
      <trkpt lat="25.14954508529159" lon="-99.9546516918449"></trkpt>
      <trkpt lat="25.14955585378695" lon="-99.95464013667143"></trkpt>
      <trkpt lat="25.149566516651653" lon="-99.95462843688486"></trkpt>
      <trkpt lat="25.149577084183054" lon="-99.95461660725697"></trkpt>
      <trkpt lat="25.149587566678534" lon="-99.9546046625595"></trkpt>
      <trkpt lat="25.149597974435462" lon="-99.9545926175642"></trkpt>
      <trkpt lat="25.149608317751216" lon="-99.95458048704285"></trkpt>
      <trkpt lat="25.14961860692316" lon="-99.9545682857672"></trkpt>
      <trkpt lat="25.149628852248668" lon="-99.95455602850899"></trkpt>
      <trkpt lat="25.149639064025113" lon="-99.95454373003999"></trkpt>
      <trkpt lat="25.14964925254986" lon="-99.95453140513197"></trkpt>
      <trkpt lat="25.149659428120295" lon="-99.95451906855665"></trkpt>
      <trkpt lat="25.14966960103377" lon="-99.95450673508583"></trkpt>
      <trkpt lat="25.149679781587672" lon="-99.95449441949127"></trkpt>
      <trkpt lat="25.149689980079366" lon="-99.95448213654468"></trkpt>
      <trkpt lat="25.149700206806227" lon="-99.95446990101786"></trkpt>
      <trkpt lat="25.149710472065625" lon="-99.95445772768254"></trkpt>
      <trkpt lat="25.149720786154926" lon="-99.9544456313105"></trkpt>
      <trkpt lat="25.149731159371512" lon="-99.9544336266735"></trkpt>
      <trkpt lat="25.149741602012742" lon="-99.95442172854328"></trkpt>
      <trkpt lat="25.149752124376004" lon="-99.95440995169159"></trkpt>
      <trkpt lat="25.149762736758657" lon="-99.95439831089021"></trkpt>
      <trkpt lat="25.14977344945807" lon="-99.9543868209109"></trkpt>
      <trkpt lat="25.149784272771626" lon="-99.95437549652539"></trkpt>
      <trkpt lat="25.149795216996687" lon="-99.95436435250546"></trkpt>
      <trkpt lat="25.149806292430636" lon="-99.95435340362286"></trkpt>
      <trkpt lat="25.14981750937083" lon="-99.95434266464936"></trkpt>
      <trkpt lat="25.149828878114647" lon="-99.95433215035672"></trkpt>
      <trkpt lat="25.149840408959463" lon="-99.95432187551665"></trkpt>
      <trkpt lat="25.14985211220264" lon="-99.954311854901"></trkpt>
      <trkpt lat="25.149863985143845" lon="-99.95430209192871"></trkpt>
      <trkpt lat="25.149876012672244" lon="-99.95429257120988"></trkpt>
      <trkpt lat="25.14988818646949" lon="-99.95428327930289"></trkpt>
      <trkpt lat="25.149900498217217" lon="-99.95427420276604"></trkpt>
      <trkpt lat="25.14991293959709" lon="-99.95426532815772"></trkpt>
      <trkpt lat="25.149925502290746" lon="-99.95425664203621"></trkpt>
      <trkpt lat="25.149938177979834" lon="-99.95424813095991"></trkpt>
      <trkpt lat="25.149950958346004" lon="-99.9542397814871"></trkpt>
      <trkpt lat="25.149963835070903" lon="-99.95423158017618"></trkpt>
      <trkpt lat="25.149976799836175" lon="-99.95422351358546"></trkpt>
      <trkpt lat="25.149989844323475" lon="-99.95421556827328"></trkpt>
      <trkpt lat="25.150002960214437" lon="-99.954207730798"></trkpt>
      <trkpt lat="25.15001613919072" lon="-99.95419998771791"></trkpt>
      <trkpt lat="25.150029372933968" lon="-99.95419232559142"></trkpt>
      <trkpt lat="25.15004265312583" lon="-99.95418473097682"></trkpt>
      <trkpt lat="25.150055971447948" lon="-99.95417719043247"></trkpt>
      <trkpt lat="25.150069319581974" lon="-99.9541696905167"></trkpt>
      <trkpt lat="25.15008268920956" lon="-99.95416221778787"></trkpt>
      <trkpt lat="25.150096072012342" lon="-99.9541547588043"></trkpt>
      <trkpt lat="25.150109459671977" lon="-99.95414730012435"></trkpt>
      <trkpt lat="25.150122843870104" lon="-99.95413982830634"></trkpt>
      <trkpt lat="25.15013621628838" lon="-99.9541323299086"></trkpt>
      <trkpt lat="25.150149568608445" lon="-99.95412479148952"></trkpt>
      <trkpt lat="25.15016289251195" lon="-99.9541171996074"></trkpt>
      <trkpt lat="25.150176179680546" lon="-99.9541095408206"></trkpt>
      <trkpt lat="25.150189421795872" lon="-99.95410180168743"></trkpt>
      <trkpt lat="25.150202610539576" lon="-99.95409396876626"></trkpt>
      <trkpt lat="25.150215737593314" lon="-99.95408602861542"></trkpt>
      <trkpt lat="25.15022879463872" lon="-99.95407796779328"></trkpt>
      <trkpt lat="25.150241773357454" lon="-99.95406977285812"></trkpt>
      <trkpt lat="25.15025482351445" lon="-99.95406159852958"></trkpt>
      <trkpt lat="25.150268084543637" lon="-99.9540535948728"></trkpt>
      <trkpt lat="25.15028153263016" lon="-99.95404574146447"></trkpt>
      <trkpt lat="25.15029514395917" lon="-99.95403801788129"></trkpt>
      <trkpt lat="25.150308894715803" lon="-99.95403040369992"></trkpt>
      <trkpt lat="25.15032276108521" lon="-99.95402287849706"></trkpt>
      <trkpt lat="25.150336719252532" lon="-99.9540154218494"></trkpt>
      <trkpt lat="25.15035074540292" lon="-99.95400801333363"></trkpt>
      <trkpt lat="25.15036481572151" lon="-99.95400063252644"></trkpt>
      <trkpt lat="25.15037890639346" lon="-99.95399325900452"></trkpt>
      <trkpt lat="25.1503929936039" lon="-99.95398587234452"></trkpt>
      <trkpt lat="25.150407053537986" lon="-99.95397845212317"></trkpt>
      <trkpt lat="25.150421062380858" lon="-99.95397097791715"></trkpt>
      <trkpt lat="25.150434996317657" lon="-99.95396342930314"></trkpt>
      <trkpt lat="25.150448831533538" lon="-99.95395578585783"></trkpt>
      <trkpt lat="25.150462544213635" lon="-99.9539480271579"></trkpt>
      <trkpt lat="25.150476110543103" lon="-99.95394013278005"></trkpt>
      <trkpt lat="25.150489506707082" lon="-99.95393208230095"></trkpt>
      <trkpt lat="25.150502708890716" lon="-99.9539238552973"></trkpt>
      <trkpt lat="25.150515693279146" lon="-99.9539154313458"></trkpt>
      <trkpt lat="25.150528436057527" lon="-99.95390679002311"></trkpt>
      <trkpt lat="25.150540913411" lon="-99.95389791090594"></trkpt>
      <trkpt lat="25.150553101524704" lon="-99.95388877357097"></trkpt>
      <trkpt lat="25.150564976583794" lon="-99.95387935759487"></trkpt>
      <trkpt lat="25.15057651477341" lon="-99.95386964255435"></trkpt>
      <trkpt lat="25.15058769227869" lon="-99.9538596080261"></trkpt>
      <trkpt lat="25.15059848528479" lon="-99.95384923358678"></trkpt>
      <trkpt lat="25.150608869976846" lon="-99.9538384988131"></trkpt>
      <trkpt lat="25.15061882254001" lon="-99.95382738328175"></trkpt>
      <trkpt lat="25.150628319159424" lon="-99.9538158665694"></trkpt>
      <trkpt lat="25.150637431654072" lon="-99.95380395223948"></trkpt>
      <trkpt lat="25.150646251500156" lon="-99.95379166871697"></trkpt>
      <trkpt lat="25.15065478436861" lon="-99.95377903287095"></trkpt>
      <trkpt lat="25.150663035930382" lon="-99.95376606157043"></trkpt>
      <trkpt lat="25.15067101185642" lon="-99.95375277168445"></trkpt>
      <trkpt lat="25.150678717817676" lon="-99.95373918008208"></trkpt>
      <trkpt lat="25.15068615948509" lon="-99.95372530363235"></trkpt>
      <trkpt lat="25.15069334252961" lon="-99.9537111592043"></trkpt>
      <trkpt lat="25.150700272622185" lon="-99.95369676366701"></trkpt>
      <trkpt lat="25.15070695543376" lon="-99.95368213388949"></trkpt>
      <trkpt lat="25.150713396635275" lon="-99.95366728674077"></trkpt>
      <trkpt lat="25.150719601897684" lon="-99.95365223908993"></trkpt>
      <trkpt lat="25.15072557689194" lon="-99.95363700780602"></trkpt>
      <trkpt lat="25.150731327288973" lon="-99.95362160975804"></trkpt>
      <trkpt lat="25.150736858759743" lon="-99.95360606181508"></trkpt>
      <trkpt lat="25.150742176975186" lon="-99.95359038084617"></trkpt>
      <trkpt lat="25.150747287606258" lon="-99.95357458372033"></trkpt>
      <trkpt lat="25.150752196323896" lon="-99.95355868730665"></trkpt>
      <trkpt lat="25.15075690879906" lon="-99.95354270847415"></trkpt>
      <trkpt lat="25.150761430702676" lon="-99.95352666409185"></trkpt>
      <trkpt lat="25.150765767705714" lon="-99.95351057102886"></trkpt>
      <trkpt lat="25.150769925479104" lon="-99.95349444615417"></trkpt>
      <trkpt lat="25.150773909693797" lon="-99.95347830633682"></trkpt>
      <trkpt lat="25.150777726020742" lon="-99.95346216844591"></trkpt>
      <trkpt lat="25.150781380130883" lon="-99.95344604935045"></trkpt>
      <trkpt lat="25.15078487769517" lon="-99.95342996591945"></trkpt>
      <trkpt lat="25.15078822438454" lon="-99.95341393502203"></trkpt>
      <trkpt lat="25.150791425869954" lon="-99.95339797352719"></trkpt>
      <trkpt lat="25.150794487822346" lon="-99.95338209830398"></trkpt>
      <trkpt lat="25.150797415912663" lon="-99.95336632622143"></trkpt>
      <trkpt lat="25.150800203203584" lon="-99.95335053930857"></trkpt>
      <trkpt lat="25.15080283667485" lon="-99.95333461492538"></trkpt>
      <trkpt lat="25.150805312873022" lon="-99.9533185629374"></trkpt>
      <trkpt lat="25.150807628344666" lon="-99.95330239321011"></trkpt>
      <trkpt lat="25.150809779636347" lon="-99.95328611560902"></trkpt>
      <trkpt lat="25.150811763294623" lon="-99.95326973999964"></trkpt>
      <trkpt lat="25.150813575866056" lon="-99.9532532762475"></trkpt>
      <trkpt lat="25.150815213897218" lon="-99.9532367342181"></trkpt>
      <trkpt lat="25.150816673934656" lon="-99.95322012377693"></trkpt>
      <trkpt lat="25.150817952524946" lon="-99.95320345478954"></trkpt>
      <trkpt lat="25.15081904621465" lon="-99.95318673712141"></trkpt>
      <trkpt lat="25.150819951550325" lon="-99.95316998063808"></trkpt>
      <trkpt lat="25.150820665078538" lon="-99.95315319520503"></trkpt>
      <trkpt lat="25.150821183345847" lon="-99.95313639068779"></trkpt>
      <trkpt lat="25.150821502898822" lon="-99.95311957695186"></trkpt>
      <trkpt lat="25.150821620284017" lon="-99.95310276386276"></trkpt>
      <trkpt lat="25.150821532048" lon="-99.95308596128599"></trkpt>
      <trkpt lat="25.150821234737332" lon="-99.95306917908708"></trkpt>
      <trkpt lat="25.15082072489858" lon="-99.95305242713152"></trkpt>
      <trkpt lat="25.1508199990783" lon="-99.95303571528483"></trkpt>
      <trkpt lat="25.150819053823064" lon="-99.95301905341253"></trkpt>
      <trkpt lat="25.150817885679427" lon="-99.95300245138012"></trkpt>
      <trkpt lat="25.150816491193954" lon="-99.95298591905309"></trkpt>
      <trkpt lat="25.150814866913205" lon="-99.95296946629699"></trkpt>
      <trkpt lat="25.15081300938375" lon="-99.95295310297732"></trkpt>
      <trkpt lat="25.150810915152142" lon="-99.95293683895957"></trkpt>
      <trkpt lat="25.150808580764952" lon="-99.95292068410927"></trkpt>
      <trkpt lat="25.150806002768743" lon="-99.95290464829193"></trkpt>
      <trkpt lat="25.150803177710074" lon="-99.95288874137306"></trkpt>
      <trkpt lat="25.150800102135502" lon="-99.95287297321815"></trkpt>
      <trkpt lat="25.150796680264104" lon="-99.95285732901077"></trkpt>
      <trkpt lat="25.150792833813146" lon="-99.9528417837312"></trkpt>
      <trkpt lat="25.15078858557646" lon="-99.95282633194024"></trkpt>
      <trkpt lat="25.150783958347894" lon="-99.95281096819856"></trkpt>
      <trkpt lat="25.150778974921298" lon="-99.95279568706692"></trkpt>
      <trkpt lat="25.150773658090515" lon="-99.95278048310603"></trkpt>
      <trkpt lat="25.150768030649388" lon="-99.9527653508766"></trkpt>
      <trkpt lat="25.150762115391768" lon="-99.95275028493938"></trkpt>
      <trkpt lat="25.15075593511149" lon="-99.95273527985509"></trkpt>
      <trkpt lat="25.150749512602406" lon="-99.95272033018445"></trkpt>
      <trkpt lat="25.150742870658362" lon="-99.9527054304882"></trkpt>
      <trkpt lat="25.1507360320732" lon="-99.95269057532704"></trkpt>
      <trkpt lat="25.15072901964077" lon="-99.95267575926172"></trkpt>
      <trkpt lat="25.150721856154913" lon="-99.95266097685295"></trkpt>
      <trkpt lat="25.150714564409473" lon="-99.95264622266149"></trkpt>
      <trkpt lat="25.150707167198302" lon="-99.95263149124803"></trkpt>
      <trkpt lat="25.15069968731524" lon="-99.95261677717329"></trkpt>
      <trkpt lat="25.15069214755413" lon="-99.95260207499803"></trkpt>
      <trkpt lat="25.150684570708822" lon="-99.95258737928295"></trkpt>
      <trkpt lat="25.15067697957316" lon="-99.95257268458879"></trkpt>
      <trkpt lat="25.150669396940984" lon="-99.95255798547625"></trkpt>
      <trkpt lat="25.150661845606148" lon="-99.95254327650608"></trkpt>
      <trkpt lat="25.15065434836249" lon="-99.95252855223902"></trkpt>
      <trkpt lat="25.150646928003862" lon="-99.95251380723576"></trkpt>
      <trkpt lat="25.150639607324106" lon="-99.95249903605706"></trkpt>
      <trkpt lat="25.150632409117065" lon="-99.95248423326362"></trkpt>
      <trkpt lat="25.150625356176587" lon="-99.95246939341617"></trkpt>
      <trkpt lat="25.150618471296514" lon="-99.95245451107543"></trkpt>
      <trkpt lat="25.150611777270694" lon="-99.95243958080215"></trkpt>
      <trkpt lat="25.150605296892973" lon="-99.95242459715708"></trkpt>
      <trkpt lat="25.15059894061808" lon="-99.95240957976947"></trkpt>
      <trkpt lat="25.150592602956017" lon="-99.95239455231336"></trkpt>
      <trkpt lat="25.150586282783518" lon="-99.95237951541658"></trkpt>
      <trkpt lat="25.15057997897733" lon="-99.9523644697069"></trkpt>
      <trkpt lat="25.150573690414184" lon="-99.9523494158121"></trkpt>
      <trkpt lat="25.15056741597083" lon="-99.95233435435998"></trkpt>
      <trkpt lat="25.150561154524006" lon="-99.95231928597836"></trkpt>
      <trkpt lat="25.15055490495045" lon="-99.95230421129496"></trkpt>
      <trkpt lat="25.15054866612691" lon="-99.95228913093766"></trkpt>
      <trkpt lat="25.15054243693011" lon="-99.9522740455342"></trkpt>
      <trkpt lat="25.150536216236805" lon="-99.95225895571237"></trkpt>
      <trkpt lat="25.150530002923734" lon="-99.95224386209996"></trkpt>
      <trkpt lat="25.150523795867628" lon="-99.95222876532479"></trkpt>
      <trkpt lat="25.15051759394524" lon="-99.95221366601463"></trkpt>
      <trkpt lat="25.1505113960333" lon="-99.95219856479727"></trkpt>
      <trkpt lat="25.150505201008553" lon="-99.95218346230051"></trkpt>
      <trkpt lat="25.150499007747744" lon="-99.95216835915215"></trkpt>
      <trkpt lat="25.150492815127603" lon="-99.95215325597995"></trkpt>
      <trkpt lat="25.150486622024882" lon="-99.95213815341174"></trkpt>
      <trkpt lat="25.15048042731631" lon="-99.95212305207527"></trkpt>
      <trkpt lat="25.150474229878636" lon="-99.95210795259835"></trkpt>
      <trkpt lat="25.150468028588598" lon="-99.9520928556088"></trkpt>
      <trkpt lat="25.150461822322935" lon="-99.95207776173437"></trkpt>
      <trkpt lat="25.15045560995839" lon="-99.95206267160287"></trkpt>
      <trkpt lat="25.150449390371698" lon="-99.9520475858421"></trkpt>
      <trkpt lat="25.1504431624396" lon="-99.95203250507983"></trkpt>
      <trkpt lat="25.150436925038846" lon="-99.95201742994385"></trkpt>
      <trkpt lat="25.150430677046174" lon="-99.95200236106197"></trkpt>
      <trkpt lat="25.150424417338314" lon="-99.95198729906198"></trkpt>
      <trkpt lat="25.150418144792017" lon="-99.95197224457165"></trkpt>
      <trkpt lat="25.150411811543382" lon="-99.95195709004031"></trkpt>
      <trkpt lat="25.150405377724816" lon="-99.9519417419725"></trkpt>
      <trkpt lat="25.15039885420753" lon="-99.95192622207891"></trkpt>
      <trkpt lat="25.150392251862726" lon="-99.95191055207019"></trkpt>
      <trkpt lat="25.1503855815616" lon="-99.95189475365702"></trkpt>
      <trkpt lat="25.150378854175354" lon="-99.95187884855002"></trkpt>
      <trkpt lat="25.1503720805752" lon="-99.95186285845993"></trkpt>
      <trkpt lat="25.15036527163233" lon="-99.95184680509739"></trkpt>
      <trkpt lat="25.15035843821795" lon="-99.95183071017306"></trkpt>
      <trkpt lat="25.150351591203265" lon="-99.95181459539762"></trkpt>
      <trkpt lat="25.15034474145948" lon="-99.95179848248172"></trkpt>
      <trkpt lat="25.150337899857785" lon="-99.95178239313604"></trkpt>
      <trkpt lat="25.15033107726939" lon="-99.95176634907126"></trkpt>
      <trkpt lat="25.1503242845655" lon="-99.95175037199805"></trkpt>
      <trkpt lat="25.150317532617315" lon="-99.95173448362706"></trkpt>
      <trkpt lat="25.150310832296032" lon="-99.95171870566897"></trkpt>
      <trkpt lat="25.15030419447286" lon="-99.95170305983443"></trkpt>
      <trkpt lat="25.150297630019" lon="-99.95168756783413"></trkpt>
      <trkpt lat="25.150291149805657" lon="-99.95167225137871"></trkpt>
      <trkpt lat="25.15028476470402" lon="-99.95165713217888"></trkpt>
      <trkpt lat="25.150278485585307" lon="-99.9516422319453"></trkpt>
      <trkpt lat="25.150272323320717" lon="-99.95162757238862"></trkpt>
      <trkpt lat="25.150266288781445" lon="-99.95161317521952"></trkpt>
      <trkpt lat="25.150260392838703" lon="-99.95159906214865"></trkpt>
      <trkpt lat="25.150254646363685" lon="-99.95158525488671"></trkpt>
      <trkpt lat="25.1502490602276" lon="-99.95157177514433"></trkpt>
      <trkpt lat="25.150243645301643" lon="-99.95155864463223"></trkpt>
      <trkpt lat="25.15023841245702" lon="-99.95154588506102"></trkpt>
      <trkpt lat="25.15023337256494" lon="-99.95153351814142"></trkpt>
      <trkpt lat="25.15022853649659" lon="-99.95152156558407"></trkpt>
      <trkpt lat="25.15022394103874" lon="-99.95150998425864"></trkpt>
      <trkpt lat="25.150219604408814" lon="-99.95149871003262"></trkpt>
      <trkpt lat="25.150215509624033" lon="-99.95148773311344"></trkpt>
      <trkpt lat="25.150211639701624" lon="-99.95147704370852"></trkpt>
      <trkpt lat="25.150207977658805" lon="-99.95146663202529"></trkpt>
      <trkpt lat="25.1502045065128" lon="-99.95145648827118"></trkpt>
      <trkpt lat="25.150201209280823" lon="-99.9514466026536"></trkpt>
      <trkpt lat="25.1501980689801" lon="-99.95143696538001"></trkpt>
      <trkpt lat="25.150195068627855" lon="-99.95142756665778"></trkpt>
      <trkpt lat="25.150192191241306" lon="-99.95141839669438"></trkpt>
      <trkpt lat="25.150189419837673" lon="-99.95140944569721"></trkpt>
      <trkpt lat="25.150186737434186" lon="-99.9514007038737"></trkpt>
      <trkpt lat="25.150184127048057" lon="-99.9513921614313"></trkpt>
      <trkpt lat="25.150181571696507" lon="-99.9513838085774"></trkpt>
      <trkpt lat="25.150179054396766" lon="-99.95137563551944"></trkpt>
      <trkpt lat="25.15017655816604" lon="-99.95136763246482"></trkpt>
      <trkpt lat="25.150174066021567" lon="-99.95135978962101"></trkpt>
      <trkpt lat="25.150171560980564" lon="-99.95135209719541"></trkpt>
      <trkpt lat="25.150169026060244" lon="-99.95134454539546"></trkpt>
      <trkpt lat="25.150166444277836" lon="-99.95133712442855"></trkpt>
      <trkpt lat="25.15016379865056" lon="-99.95132982450214"></trkpt>
      <trkpt lat="25.150161072195637" lon="-99.95132263582364"></trkpt>
      <trkpt lat="25.15015824793029" lon="-99.95131554860048"></trkpt>
      <trkpt lat="25.15015530887173" lon="-99.95130855304008"></trkpt>
      <trkpt lat="25.15015223803719" lon="-99.95130163934986"></trkpt>
      <trkpt lat="25.150149018443894" lon="-99.95129479773728"></trkpt>
      <trkpt lat="25.150145633109055" lon="-99.95128801840971"></trkpt>
      <trkpt lat="25.150142065049888" lon="-99.9512812915746"></trkpt>
      <trkpt lat="25.150138297283632" lon="-99.95127460743939"></trkpt>
      <trkpt lat="25.150134312827504" lon="-99.95126795621151"></trkpt>
      <trkpt lat="25.150130253554938" lon="-99.95126153327509"></trkpt>
      <trkpt lat="25.1501262628527" lon="-99.95125551922106"></trkpt>
      <trkpt lat="25.150122326007995" lon="-99.95124988206705"></trkpt>
      <trkpt lat="25.150118428308023" lon="-99.95124458983054"></trkpt>
      <trkpt lat="25.150114555039977" lon="-99.95123961052913"></trkpt>
      <trkpt lat="25.15011069149107" lon="-99.95123491218041"></trkpt>
      <trkpt lat="25.15010682294849" lon="-99.9512304628019"></trkpt>
      <trkpt lat="25.15010293469944" lon="-99.9512262304112"></trkpt>
      <trkpt lat="25.150099012031124" lon="-99.95122218302585"></trkpt>
      <trkpt lat="25.150095040230738" lon="-99.95121828866343"></trkpt>
      <trkpt lat="25.150091004585484" lon="-99.95121451534149"></trkpt>
      <trkpt lat="25.15008689038256" lon="-99.9512108310776"></trkpt>
      <trkpt lat="25.15008268290917" lon="-99.95120720388934"></trkpt>
      <trkpt lat="25.150078367452508" lon="-99.95120360179426"></trkpt>
      <trkpt lat="25.15007392929978" lon="-99.9511999928099"></trkpt>
      <trkpt lat="25.150069353738186" lon="-99.95119634495387"></trkpt>
      <trkpt lat="25.150064626054917" lon="-99.9511926262437"></trkpt>
      <trkpt lat="25.150059731537183" lon="-99.95118880469698"></trkpt>
      <trkpt lat="25.150054655472182" lon="-99.95118484833125"></trkpt>
      <trkpt lat="25.150049383147106" lon="-99.9511807251641"></trkpt>
      <trkpt lat="25.150043899849166" lon="-99.95117640321307"></trkpt>
      <trkpt lat="25.15003819086556" lon="-99.95117185049573"></trkpt>
      <trkpt lat="25.150032241483476" lon="-99.95116703502964"></trkpt>
      <trkpt lat="25.15002603699013" lon="-99.9511619248324"></trkpt>
      <trkpt lat="25.150019562672714" lon="-99.95115648792152"></trkpt>
      <trkpt lat="25.150012803818427" lon="-99.9511506923146"></trkpt>
      <trkpt lat="25.150005745714473" lon="-99.9511445060292"></trkpt>
      <trkpt lat="25.14999837364805" lon="-99.95113789708287"></trkpt>
      <trkpt lat="25.14999067290636" lon="-99.95113083349318"></trkpt>
      <trkpt lat="25.1499826287766" lon="-99.9511232832777"></trkpt>
      <trkpt lat="25.149974138652823" lon="-99.95111517319553"></trkpt>
      <trkpt lat="25.1499651323458" lon="-99.95110647981026"></trkpt>
      <trkpt lat="25.149955643767782" lon="-99.95109724584631"></trkpt>
      <trkpt lat="25.149945706831048" lon="-99.95108751402798"></trkpt>
      <trkpt lat="25.149935355447855" lon="-99.95107732707963"></trkpt>
      <trkpt lat="25.149924623530467" lon="-99.95106672772566"></trkpt>
      <trkpt lat="25.149913544991154" lon="-99.95105575869037"></trkpt>
      <trkpt lat="25.149902153742175" lon="-99.95104446269815"></trkpt>
      <trkpt lat="25.149890483695806" lon="-99.95103288247336"></trkpt>
      <trkpt lat="25.149878568764294" lon="-99.95102106074033"></trkpt>
      <trkpt lat="25.149866442859917" lon="-99.95100904022343"></trkpt>
      <trkpt lat="25.149854139894938" lon="-99.95099686364702"></trkpt>
      <trkpt lat="25.149841693781617" lon="-99.95098457373545"></trkpt>
      <trkpt lat="25.149829138432224" lon="-99.95097221321306"></trkpt>
      <trkpt lat="25.14981650775902" lon="-99.95095982480426"></trkpt>
      <trkpt lat="25.14980383567427" lon="-99.95094745123335"></trkpt>
      <trkpt lat="25.14979115609024" lon="-99.9509351352247"></trkpt>
      <trkpt lat="25.149778502919197" lon="-99.95092291950266"></trkpt>
      <trkpt lat="25.1497659100734" lon="-99.95091084679163"></trkpt>
      <trkpt lat="25.149753411465117" lon="-99.9508989598159"></trkpt>
      <trkpt lat="25.149741041006617" lon="-99.95088730129987"></trkpt>
      <trkpt lat="25.149728832610155" lon="-99.9508759139679"></trkpt>
      <trkpt lat="25.149716820188008" lon="-99.95086484054431"></trkpt>
      <trkpt lat="25.149705037652428" lon="-99.95085412375349"></trkpt>
      <trkpt lat="25.14969351891569" lon="-99.95084380631978"></trkpt>
      <trkpt lat="25.149682297890052" lon="-99.95083393096753"></trkpt>
      <trkpt lat="25.149671408487784" lon="-99.95082454042112"></trkpt>
      <trkpt lat="25.14966088462115" lon="-99.95081567740489"></trkpt>
      <trkpt lat="25.149650760202405" lon="-99.95080738464318"></trkpt>
      <trkpt lat="25.14964106914383" lon="-99.95079970486036"></trkpt>
      <trkpt lat="25.149631606066073" lon="-99.95079240501167"></trkpt>
      <trkpt lat="25.149622151819994" lon="-99.95078523115929"></trkpt>
      <trkpt lat="25.149612719663164" lon="-99.95077819468803"></trkpt>
      <trkpt lat="25.14960332285315" lon="-99.95077130698276"></trkpt>
      <trkpt lat="25.149593974647512" lon="-99.95076457942822"></trkpt>
      <trkpt lat="25.149584688303825" lon="-99.9507580234093"></trkpt>
      <trkpt lat="25.149575477079647" lon="-99.95075165031079"></trkpt>
      <trkpt lat="25.149566354232554" lon="-99.9507454715175"></trkpt>
      <trkpt lat="25.149557333020105" lon="-99.95073949841425"></trkpt>
      <trkpt lat="25.149548426699866" lon="-99.9507337423859"></trkpt>
      <trkpt lat="25.14953964852941" lon="-99.95072821481723"></trkpt>
      <trkpt lat="25.149531011766292" lon="-99.95072292709305"></trkpt>
      <trkpt lat="25.14952252966809" lon="-99.95071789059821"></trkpt>
      <trkpt lat="25.149514215492363" lon="-99.95071311671752"></trkpt>
      <trkpt lat="25.149506082496686" lon="-99.95070861683578"></trkpt>
      <trkpt lat="25.14949814393862" lon="-99.95070440233785"></trkpt>
      <trkpt lat="25.14949041307573" lon="-99.9507004846085"></trkpt>
      <trkpt lat="25.149482903165584" lon="-99.95069687503259"></trkpt>
      <trkpt lat="25.149475627465748" lon="-99.95069358499492"></trkpt>
      <trkpt lat="25.149468599233785" lon="-99.95069062588033"></trkpt>
      <trkpt lat="25.14946183172727" lon="-99.9506880090736"></trkpt>
      <trkpt lat="25.149455338203765" lon="-99.95068574595959"></trkpt>
      <trkpt lat="25.14944913192084" lon="-99.95068384792309"></trkpt>
      <trkpt lat="25.14944322613605" lon="-99.95068232634893"></trkpt>
      <trkpt lat="25.149437634106974" lon="-99.95068119262194"></trkpt>
      <trkpt lat="25.149432369091173" lon="-99.95068045812693"></trkpt>
      <trkpt lat="25.149427444346212" lon="-99.95068013424869"></trkpt>
      <trkpt lat="25.149422873129662" lon="-99.95068023237211"></trkpt>
      <trkpt lat="25.149418668699088" lon="-99.95068076388195"></trkpt>
      <trkpt lat="25.149414844312048" lon="-99.95068174016303"></trkpt>
      <trkpt lat="25.14941140290275" lon="-99.95068312674886"></trkpt>
      <trkpt lat="25.14940833054299" lon="-99.95068487979401"></trkpt>
      <trkpt lat="25.14940561519677" lon="-99.95068699661499"></trkpt>
      <trkpt lat="25.149403244828065" lon="-99.9506894745283"></trkpt>
      <trkpt lat="25.149401207400874" lon="-99.95069231085046"></trkpt>
      <trkpt lat="25.149399490879183" lon="-99.95069550289797"></trkpt>
      <trkpt lat="25.149398083226977" lon="-99.95069904798734"></trkpt>
      <trkpt lat="25.149396972408248" lon="-99.95070294343506"></trkpt>
      <trkpt lat="25.149396146386987" lon="-99.95070718655765"></trkpt>
      <trkpt lat="25.149395593127178" lon="-99.95071177467165"></trkpt>
      <trkpt lat="25.14939530059282" lon="-99.9507167050935"></trkpt>
      <trkpt lat="25.149395256747887" lon="-99.95072197513974"></trkpt>
      <trkpt lat="25.149395449556376" lon="-99.95072758212687"></trkpt>
      <trkpt lat="25.14939586698227" lon="-99.95073352337143"></trkpt>
      <trkpt lat="25.14939649698957" lon="-99.95073979618988"></trkpt>
      <trkpt lat="25.149397327542257" lon="-99.95074639789874"></trkpt>
      <trkpt lat="25.14939834660432" lon="-99.95075332581455"></trkpt>
      <trkpt lat="25.149399542139747" lon="-99.95076057725376"></trkpt>
      <trkpt lat="25.14940090211253" lon="-99.95076814953292"></trkpt>
      <trkpt lat="25.14940241448665" lon="-99.95077603996852"></trkpt>
      <trkpt lat="25.149404067226108" lon="-99.95078424587707"></trkpt>
      <trkpt lat="25.149405848294887" lon="-99.95079276457507"></trkpt>
      <trkpt lat="25.149407745656976" lon="-99.95080159337903"></trkpt>
      <trkpt lat="25.14940974727636" lon="-99.95081072960546"></trkpt>
      <trkpt lat="25.149411841117033" lon="-99.95082017057086"></trkpt>
      <trkpt lat="25.14941401514298" lon="-99.95082991359175"></trkpt>
      <trkpt lat="25.149416257318194" lon="-99.95083995598463"></trkpt>
      <trkpt lat="25.149418555606665" lon="-99.95085029506599"></trkpt>
      <trkpt lat="25.149420897972377" lon="-99.95086092815237"></trkpt>
      <trkpt lat="25.149423272379323" lon="-99.95087185256024"></trkpt>
      <trkpt lat="25.149425762825096" lon="-99.95088324599617"></trkpt>
      <trkpt lat="25.149428456662687" lon="-99.95089526498666"></trkpt>
      <trkpt lat="25.149431346889145" lon="-99.95090787507819"></trkpt>
      <trkpt lat="25.14943442650153" lon="-99.95092104181728"></trkpt>
      <trkpt lat="25.1494376884969" lon="-99.9509347307504"></trkpt>
      <trkpt lat="25.149441125872315" lon="-99.95094890742403"></trkpt>
      <trkpt lat="25.14944473162483" lon="-99.95096353738465"></trkpt>
      <trkpt lat="25.149448498751504" lon="-99.95097858617878"></trkpt>
      <trkpt lat="25.149452420249396" lon="-99.95099401935288"></trkpt>
      <trkpt lat="25.14945648911556" lon="-99.95100980245344"></trkpt>
      <trkpt lat="25.14946069834706" lon="-99.95102590102695"></trkpt>
      <trkpt lat="25.149465040940942" lon="-99.95104228061989"></trkpt>
      <trkpt lat="25.149469509894278" lon="-99.95105890677875"></trkpt>
      <trkpt lat="25.149474098204113" lon="-99.95107574505003"></trkpt>
      <trkpt lat="25.149478798867516" lon="-99.9510927609802"></trkpt>
      <trkpt lat="25.149483604881542" lon="-99.95110992011575"></trkpt>
      <trkpt lat="25.149488509243245" lon="-99.95112718800316"></trkpt>
      <trkpt lat="25.14949350494968" lon="-99.95114453018893"></trkpt>
      <trkpt lat="25.149498584997907" lon="-99.95116191221955"></trkpt>
      <trkpt lat="25.14950374238499" lon="-99.9511792996415"></trkpt>
      <trkpt lat="25.149508970107984" lon="-99.95119665800125"></trkpt>
      <trkpt lat="25.149514261163947" lon="-99.9512139528453"></trkpt>
      <trkpt lat="25.14951960854993" lon="-99.95123114972014"></trkpt>
      <trkpt lat="25.149525005262998" lon="-99.95124821417228"></trkpt>
      <trkpt lat="25.149530444300208" lon="-99.95126511174816"></trkpt>
      <trkpt lat="25.149535918658614" lon="-99.95128180799428"></trkpt>
      <trkpt lat="25.149541421335268" lon="-99.95129826845715"></trkpt>
      <trkpt lat="25.14954694532725" lon="-99.95131445868324"></trkpt>
      <trkpt lat="25.149552483631595" lon="-99.95133034421903"></trkpt>
      <trkpt lat="25.14955802924537" lon="-99.95134589061098"></trkpt>
      <trkpt lat="25.149563616978277" lon="-99.95136119696669"></trkpt>
      <trkpt lat="25.14956928553198" lon="-99.95137639149351"></trkpt>
      <trkpt lat="25.1495750337415" lon="-99.95139148338775"></trkpt>
      <trkpt lat="25.14958086044184" lon="-99.95140648184571"></trkpt>
      <trkpt lat="25.14958676446802" lon="-99.9514213960637"></trkpt>
      <trkpt lat="25.14959274465505" lon="-99.95143623523799"></trkpt>
      <trkpt lat="25.149598799837936" lon="-99.9514510085649"></trkpt>
      <trkpt lat="25.149604928851698" lon="-99.95146572524072"></trkpt>
      <trkpt lat="25.149611130531344" lon="-99.95148039446178"></trkpt>
      <trkpt lat="25.14961740371189" lon="-99.95149502542432"></trkpt>
      <trkpt lat="25.14962374722834" lon="-99.9515096273247"></trkpt>
      <trkpt lat="25.149630159915716" lon="-99.95152420935919"></trkpt>
      <trkpt lat="25.149636640609025" lon="-99.95153878072409"></trkpt>
      <trkpt lat="25.14964318814328" lon="-99.95155335061571"></trkpt>
      <trkpt lat="25.14964980135349" lon="-99.95156792823035"></trkpt>
      <trkpt lat="25.14965647907467" lon="-99.95158252276427"></trkpt>
      <trkpt lat="25.149663220141836" lon="-99.95159714341384"></trkpt>
      <trkpt lat="25.149670023389998" lon="-99.95161179937529"></trkpt>
      <trkpt lat="25.14967688765416" lon="-99.95162649984496"></trkpt>
      <trkpt lat="25.149683811769343" lon="-99.95164125401915"></trkpt>
      <trkpt lat="25.14969079457056" lon="-99.95165607109415"></trkpt>
      <trkpt lat="25.14969783489282" lon="-99.95167096026626"></trkpt>
      <trkpt lat="25.149704931571137" lon="-99.95168593073177"></trkpt>
      <trkpt lat="25.149712083440516" lon="-99.95170099168699"></trkpt>
      <trkpt lat="25.149719289335977" lon="-99.9517161523282"></trkpt>
      <trkpt lat="25.14972654809253" lon="-99.95173142185175"></trkpt>
      <trkpt lat="25.149733858545183" lon="-99.9517468094539"></trkpt>
      <trkpt lat="25.149741219528956" lon="-99.95176232433094"></trkpt>
      <trkpt lat="25.149748629878854" lon="-99.9517779756792"></trkpt>
      <trkpt lat="25.149756088429896" lon="-99.95179377269494"></trkpt>
      <trkpt lat="25.14976374349938" lon="-99.95180976979509"></trkpt>
      <trkpt lat="25.149771724393258" lon="-99.95182600247466"></trkpt>
      <trkpt lat="25.14978000142947" lon="-99.95184245154715"></trkpt>
      <trkpt lat="25.149788544925993" lon="-99.951859097826"></trkpt>
      <trkpt lat="25.149797325200787" lon="-99.95187592212474"></trkpt>
      <trkpt lat="25.149806312571805" lon="-99.95189290525684"></trkpt>
      <trkpt lat="25.149815477357013" lon="-99.9519100280358"></trkpt>
      <trkpt lat="25.149824789874366" lon="-99.95192727127511"></trkpt>
      <trkpt lat="25.14983422044183" lon="-99.95194461578826"></trkpt>
      <trkpt lat="25.149843739377367" lon="-99.95196204238871"></trkpt>
      <trkpt lat="25.149853316998932" lon="-99.95197953188999"></trkpt>
      <trkpt lat="25.14986292362449" lon="-99.95199706510554"></trkpt>
      <trkpt lat="25.149872529571997" lon="-99.95201462284892"></trkpt>
      <trkpt lat="25.14988210515942" lon="-99.95203218593355"></trkpt>
      <trkpt lat="25.14989162070472" lon="-99.95204973517295"></trkpt>
      <trkpt lat="25.149901046525848" lon="-99.95206725138058"></trkpt>
      <trkpt lat="25.14991035294078" lon="-99.95208471536996"></trkpt>
      <trkpt lat="25.149919510267452" lon="-99.9521021079546"></trkpt>
      <trkpt lat="25.149928488823853" lon="-99.95211940994794"></trkpt>
      <trkpt lat="25.149937258927924" lon="-99.95213660216348"></trkpt>
      <trkpt lat="25.14994579089764" lon="-99.95215366541471"></trkpt>
      <trkpt lat="25.14995405505095" lon="-99.95217058051513"></trkpt>
      <trkpt lat="25.149962021705814" lon="-99.95218732827823"></trkpt>
      <trkpt lat="25.149969661180204" lon="-99.95220388951749"></trkpt>
      <trkpt lat="25.149976943792073" lon="-99.95222024504639"></trkpt>
      <trkpt lat="25.14998383985938" lon="-99.95223637567842"></trkpt>
      <trkpt lat="25.14999031970009" lon="-99.9522522622271"></trkpt>
      <trkpt lat="25.14999635363216" lon="-99.95226788550589"></trkpt>
      <trkpt lat="25.150001911973558" lon="-99.95228322632828"></trkpt>
      <trkpt lat="25.150006965042238" lon="-99.95229826550775"></trkpt>
      <trkpt lat="25.150011601249496" lon="-99.9523129822527"></trkpt>
      <trkpt lat="25.150015933658647" lon="-99.95232738245704"></trkpt>
      <trkpt lat="25.150019969565655" lon="-99.95234148696258"></trkpt>
      <trkpt lat="25.1500237162665" lon="-99.95235531661116"></trkpt>
      <trkpt lat="25.15002718105714" lon="-99.95236889224456"></trkpt>
      <trkpt lat="25.150030371233566" lon="-99.95238223470459"></trkpt>
      <trkpt lat="25.150033294091738" lon="-99.95239536483308"></trkpt>
      <trkpt lat="25.15003595692763" lon="-99.95240830347183"></trkpt>
      <trkpt lat="25.150038367037215" lon="-99.95242107146265"></trkpt>
      <trkpt lat="25.15004053171647" lon="-99.95243368964735"></trkpt>
      <trkpt lat="25.150042458261357" lon="-99.95244617886775"></trkpt>
      <trkpt lat="25.150044153967855" lon="-99.95245855996565"></trkpt>
      <trkpt lat="25.150045626131938" lon="-99.95247085378288"></trkpt>
      <trkpt lat="25.150046882049573" lon="-99.95248308116122"></trkpt>
      <trkpt lat="25.150047929016733" lon="-99.95249526294252"></trkpt>
      <trkpt lat="25.150048774329388" lon="-99.95250741996857"></trkpt>
      <trkpt lat="25.15004942528352" lon="-99.95251957308118"></trkpt>
      <trkpt lat="25.15004988917509" lon="-99.95253174312214"></trkpt>
      <trkpt lat="25.150050173300077" lon="-99.9525439509333"></trkpt>
      <trkpt lat="25.150050284954446" lon="-99.95255621735646"></trkpt>
      <trkpt lat="25.150050231434182" lon="-99.95256856323343"></trkpt>
      <trkpt lat="25.150050020035245" lon="-99.95258100940599"></trkpt>
      <trkpt lat="25.150049658053614" lon="-99.95259357671601"></trkpt>
      <trkpt lat="25.150049152785254" lon="-99.95260628600525"></trkpt>
      <trkpt lat="25.150048511526148" lon="-99.95261915811557"></trkpt>
      <trkpt lat="25.15004774157225" lon="-99.9526322138887"></trkpt>
      <trkpt lat="25.150046850219557" lon="-99.95264547416653"></trkpt>
      <trkpt lat="25.15004584476402" lon="-99.95265895979087"></trkpt>
      <trkpt lat="25.150044732501623" lon="-99.95267269160348"></trkpt>
      <trkpt lat="25.15004352072833" lon="-99.9526866904462"></trkpt>
      <trkpt lat="25.150042002176797" lon="-99.95270099249485"></trkpt>
      <trkpt lat="25.150039989111185" lon="-99.95271560306291"></trkpt>
      <trkpt lat="25.150037518124776" lon="-99.95273049669866"></trkpt>
      <trkpt lat="25.150034625810836" lon="-99.95274564795032"></trkpt>
      <trkpt lat="25.150031348762635" lon="-99.95276103136621"></trkpt>
      <trkpt lat="25.15002772357344" lon="-99.95277662149456"></trkpt>
      <trkpt lat="25.150023786836528" lon="-99.95279239288365"></trkpt>
      <trkpt lat="25.15001957514516" lon="-99.95280832008176"></trkpt>
      <trkpt lat="25.150015125092615" lon="-99.95282437763713"></trkpt>
      <trkpt lat="25.15001047327216" lon="-99.95284054009805"></trkpt>
      <trkpt lat="25.150005656277063" lon="-99.95285678201277"></trkpt>
      <trkpt lat="25.150000710700592" lon="-99.95287307792955"></trkpt>
      <trkpt lat="25.149995673136022" lon="-99.95288940239669"></trkpt>
      <trkpt lat="25.14999058017662" lon="-99.95290572996242"></trkpt>
      <trkpt lat="25.149985468415657" lon="-99.95292203517502"></trkpt>
      <trkpt lat="25.149980374446407" lon="-99.95293829258279"></trkpt>
      <trkpt lat="25.149975334862134" lon="-99.95295447673394"></trkpt>
      <trkpt lat="25.149970386256108" lon="-99.95297056217677"></trkpt>
      <trkpt lat="25.149965565221603" lon="-99.95298652345954"></trkpt>
      <trkpt lat="25.149960908351886" lon="-99.9530023351305"></trkpt>
      <trkpt lat="25.14995645224023" lon="-99.95301797173796"></trkpt>
      <trkpt lat="25.1499522334799" lon="-99.95303340783016"></trkpt>
      <trkpt lat="25.14994828866417" lon="-99.95304861795535"></trkpt>
      <trkpt lat="25.149944654386314" lon="-99.9530635766618"></trkpt>
      <trkpt lat="25.149941367239595" lon="-99.95307825849783"></trkpt>
      <trkpt lat="25.149938463817286" lon="-99.95309263801164"></trkpt>
      <trkpt lat="25.14993598071265" lon="-99.95310668975152"></trkpt>
      <trkpt lat="25.149933954518968" lon="-99.95312038826575"></trkpt>
      <trkpt lat="25.149932421829504" lon="-99.95313370810258"></trkpt>
      <trkpt lat="25.149931419237532" lon="-99.95314662381027"></trkpt>
      <trkpt lat="25.149930928134562" lon="-99.95315931921093"></trkpt>
      <trkpt lat="25.149930887052665" lon="-99.95317198436705"></trkpt>
      <trkpt lat="25.14993126829595" lon="-99.95318460318767"></trkpt>
      <trkpt lat="25.149932044168533" lon="-99.95319715958175"></trkpt>
      <trkpt lat="25.14993318697452" lon="-99.95320963745834"></trkpt>
      <trkpt lat="25.14993466901802" lon="-99.95322202072641"></trkpt>
      <trkpt lat="25.149936462603137" lon="-99.95323429329494"></trkpt>
      <trkpt lat="25.149938540033986" lon="-99.95324643907298"></trkpt>
      <trkpt lat="25.149940873614675" lon="-99.95325844196948"></trkpt>
      <trkpt lat="25.149943435649316" lon="-99.95327028589345"></trkpt>
      <trkpt lat="25.149946198442013" lon="-99.95328195475392"></trkpt>
      <trkpt lat="25.149949134296882" lon="-99.95329343245982"></trkpt>
      <trkpt lat="25.149952215518027" lon="-99.9533047029202"></trkpt>
      <trkpt lat="25.14995541440956" lon="-99.95331575004407"></trkpt>
      <trkpt lat="25.14995870327559" lon="-99.95332655774038"></trkpt>
      <trkpt lat="25.149962054420225" lon="-99.95333710991818"></trkpt>
      <trkpt lat="25.14996544014758" lon="-99.95334739048643"></trkpt>
      <trkpt lat="25.149968832761754" lon="-99.95335738335415"></trkpt>
      <trkpt lat="25.14997220456686" lon="-99.9533670724303"></trkpt>
      <trkpt lat="25.149975527867017" lon="-99.95337644162393"></trkpt>
      <trkpt lat="25.149978774966325" lon="-99.95338547484403"></trkpt>
      <trkpt lat="25.14998191816889" lon="-99.95339415599956"></trkpt>
      <trkpt lat="25.14998492977883" lon="-99.95340246899956"></trkpt>
      <trkpt lat="25.14998778210025" lon="-99.95341039775299"></trkpt>
      <trkpt lat="25.14999044743726" lon="-99.95341792616888"></trkpt>
      <trkpt lat="25.149992898093977" lon="-99.95342503815623"></trkpt>
      <trkpt lat="25.149995106374494" lon="-99.953431717624"></trkpt>
      <trkpt lat="25.149997044582932" lon="-99.95343794848124"></trkpt>
      <trkpt lat="25.149998685023398" lon="-99.95344371463689"></trkpt>
      <trkpt lat="25.15" lon="-99.953449"></trkpt>
    </trkseg>
  </trk>
  <wpt lat="25.1474840933367" lon="-99.9493056081824">
    <name>Photo_1 - Image 1</name>
    <desc>Marble position along route - Image 1</desc>
  </wpt>
  <wpt lat="25.147445112140975" lon="-99.94938023072243">
    <name>Photo_2 - Image 2</name>
    <desc>Marble position along route - Image 2</desc>
  </wpt>
  <wpt lat="25.147399801750286" lon="-99.94945030317096">
    <name>Photo_3 - Image 3</name>
    <desc>Marble position along route - Image 3</desc>
  </wpt>
  <wpt lat="25.147344543793608" lon="-99.94951108389675">
    <name>Photo_4 - Image 4</name>
    <desc>Marble position along route - Image 4</desc>
  </wpt>
  <wpt lat="25.14728241540382" lon="-99.94956320253216">
    <name>Photo_5 - Image 5</name>
    <desc>Marble position along route - Image 5</desc>
  </wpt>
  <wpt lat="25.14721687001447" lon="-99.94961001143773">
    <name>Photo_6 - Image 6</name>
    <desc>Marble position along route - Image 6</desc>
  </wpt>
  <wpt lat="25.14715012939691" lon="-99.94965472296634">
    <name>Photo_7 - Image 7</name>
    <desc>Marble position along route - Image 7</desc>
  </wpt>
  <wpt lat="25.147082997025358" lon="-99.94969871490854">
    <name>Photo_8 - Image 8</name>
    <desc>Marble position along route - Image 8</desc>
  </wpt>
  <wpt lat="25.147015926682464" lon="-99.94974282192055">
    <name>Photo_9 - Image 9</name>
    <desc>Marble position along route - Image 9</desc>
  </wpt>
  <wpt lat="25.14694932116535" lon="-99.94978777837137">
    <name>Photo_10 - Image 10</name>
    <desc>Marble position along route - Image 10</desc>
  </wpt>
  <wpt lat="25.146857033499156" lon="-99.94985450863986">
    <name>Photo_11 - Image 11</name>
    <desc>Marble position along route - Image 11</desc>
  </wpt>
  <wpt lat="25.146769885083824" lon="-99.94992910292787">
    <name>Photo_12 - Image 12</name>
    <desc>Marble position along route - Image 12</desc>
  </wpt>
  <wpt lat="25.14669038030345" lon="-99.95001350845469">
    <name>Photo_13 - Image 13</name>
    <desc>Marble position along route - Image 13</desc>
  </wpt>
  <wpt lat="25.14661885226439" lon="-99.95010621404619">
    <name>Photo_14 - Image 14</name>
    <desc>Marble position along route - Image 14</desc>
  </wpt>
  <wpt lat="25.146554766476225" lon="-99.95020537067597">
    <name>Photo_15 - Image 15</name>
    <desc>Marble position along route - Image 15</desc>
  </wpt>
  <wpt lat="25.146494837658317" lon="-99.95030767721983">
    <name>Photo_16 - Image 16</name>
    <desc>Marble position along route - Image 16</desc>
  </wpt>
  <wpt lat="25.146448939071657" lon="-99.95038965589879">
    <name>Photo_17 - Image 17</name>
    <desc>Marble position along route - Image 17</desc>
  </wpt>
  <wpt lat="25.146405798378606" lon="-99.95047343567029">
    <name>Photo_18 - Image 18</name>
    <desc>Marble position along route - Image 18</desc>
  </wpt>
  <wpt lat="25.146367039925018" lon="-99.95055977777454">
    <name>Photo_19 - Image 19</name>
    <desc>Marble position along route - Image 19</desc>
  </wpt>
  <wpt lat="25.146334835459527" lon="-99.95064932466323">
    <name>Photo_20 - Image 20</name>
    <desc>Marble position along route - Image 20</desc>
  </wpt>
  <wpt lat="25.146312200268657" lon="-99.95074234242422">
    <name>Photo_21 - Image 21</name>
    <desc>Marble position along route - Image 21</desc>
  </wpt>
  <wpt lat="25.146301572245967" lon="-99.95083794569845">
    <name>Photo_22 - Image 22</name>
    <desc>Marble position along route - Image 22</desc>
  </wpt>
  <wpt lat="25.146301297248915" lon="-99.95093429600772">
    <name>Photo_23 - Image 23</name>
    <desc>Marble position along route - Image 23</desc>
  </wpt>
  <wpt lat="25.146308636230366" lon="-99.9510303297439">
    <name>Photo_24 - Image 24</name>
    <desc>Marble position along route - Image 24</desc>
  </wpt>
  <wpt lat="25.146320599393402" lon="-99.95112580849963">
    <name>Photo_25 - Image 25</name>
    <desc>Marble position along route - Image 25</desc>
  </wpt>
  <wpt lat="25.146335232019155" lon="-99.95122083105089">
    <name>Photo_26 - Image 26</name>
    <desc>Marble position along route - Image 26</desc>
  </wpt>
  <wpt lat="25.146354671391105" lon="-99.95131479105359">
    <name>Photo_27 - Image 27</name>
    <desc>Marble position along route - Image 27</desc>
  </wpt>
  <wpt lat="25.146397095055892" lon="-99.95147567612445">
    <name>Photo_28 - Image 28</name>
    <desc>Marble position along route - Image 28</desc>
  </wpt>
  <wpt lat="25.146445709511912" lon="-99.95163443012046">
    <name>Photo_29 - Image 29</name>
    <desc>Marble position along route - Image 29</desc>
  </wpt>
  <wpt lat="25.146498780367764" lon="-99.95179142361616">
    <name>Photo_30 - Image 30</name>
    <desc>Marble position along route - Image 30</desc>
  </wpt>
  <wpt lat="25.146557395334728" lon="-99.9519459971146">
    <name>Photo_31 - Image 31</name>
    <desc>Marble position along route - Image 31</desc>
  </wpt>
  <wpt lat="25.146621570106547" lon="-99.95209784289062">
    <name>Photo_32 - Image 32</name>
    <desc>Marble position along route - Image 32</desc>
  </wpt>
  <wpt lat="25.1466853128383" lon="-99.95224970226408">
    <name>Photo_33 - Image 33</name>
    <desc>Marble position along route - Image 33</desc>
  </wpt>
  <wpt lat="25.146804987243538" lon="-99.95234864193246">
    <name>Photo_34 - Image 34</name>
    <desc>Marble position along route - Image 34</desc>
  </wpt>
  <wpt lat="25.146950351226923" lon="-99.95239632041397">
    <name>Photo_35 - Image 35</name>
    <desc>Marble position along route - Image 35</desc>
  </wpt>
  <wpt lat="25.147095308770904" lon="-99.952445428864">
    <name>Photo_36 - Image 36</name>
    <desc>Marble position along route - Image 36</desc>
  </wpt>
  <wpt lat="25.147205877486776" lon="-99.95255094622756">
    <name>Photo_37 - Image 37</name>
    <desc>Marble position along route - Image 37</desc>
  </wpt>
  <wpt lat="25.14720990748395" lon="-99.95265453905107">
    <name>Photo_38 - Image 38</name>
    <desc>Marble position along route - Image 38</desc>
  </wpt>
  <wpt lat="25.147195075945092" lon="-99.95275768367517">
    <name>Photo_39 - Image 39</name>
    <desc>Marble position along route - Image 39</desc>
  </wpt>
  <wpt lat="25.147190862992563" lon="-99.9528616572237">
    <name>Photo_40 - Image 40</name>
    <desc>Marble position along route - Image 40</desc>
  </wpt>
  <wpt lat="25.147226927084734" lon="-99.95295734942331">
    <name>Photo_41 - Image 41</name>
    <desc>Marble position along route - Image 41</desc>
  </wpt>
  <wpt lat="25.147285628936206" lon="-99.95303913251212">
    <name>Photo_42 - Image 42</name>
    <desc>Marble position along route - Image 42</desc>
  </wpt>
  <wpt lat="25.147343143044306" lon="-99.95312192275135">
    <name>Photo_43 - Image 43</name>
    <desc>Marble position along route - Image 43</desc>
  </wpt>
  <wpt lat="25.147385290961452" lon="-99.9532152234733">
    <name>Photo_44 - Image 44</name>
    <desc>Marble position along route - Image 44</desc>
  </wpt>
  <wpt lat="25.14741748150923" lon="-99.95331341555371">
    <name>Photo_45 - Image 45</name>
    <desc>Marble position along route - Image 45</desc>
  </wpt>
  <wpt lat="25.147446137601392" lon="-99.95341294927888">
    <name>Photo_46 - Image 46</name>
    <desc>Marble position along route - Image 46</desc>
  </wpt>
  <wpt lat="25.14747380343782" lon="-99.95351282689661">
    <name>Photo_47 - Image 47</name>
    <desc>Marble position along route - Image 47</desc>
  </wpt>
  <wpt lat="25.147502830209937" lon="-99.95361222708726">
    <name>Photo_48 - Image 48</name>
    <desc>Marble position along route - Image 48</desc>
  </wpt>
  <wpt lat="25.14753657341508" lon="-99.95370978034792">
    <name>Photo_49 - Image 49</name>
    <desc>Marble position along route - Image 49</desc>
  </wpt>
  <wpt lat="25.14757501567608" lon="-99.95380520088295">
    <name>Photo_50 - Image 50</name>
    <desc>Marble position along route - Image 50</desc>
  </wpt>
  <wpt lat="25.147612107688357" lon="-99.95390126638135">
    <name>Photo_51 - Image 51</name>
    <desc>Marble position along route - Image 51</desc>
  </wpt>
  <wpt lat="25.147645694973416" lon="-99.9539988996075">
    <name>Photo_52 - Image 52</name>
    <desc>Marble position along route - Image 52</desc>
  </wpt>
  <wpt lat="25.147677943273255" lon="-99.95409708543936">
    <name>Photo_53 - Image 53</name>
    <desc>Marble position along route - Image 53</desc>
  </wpt>
  <wpt lat="25.14770968943526" lon="-99.95419547105433">
    <name>Photo_54 - Image 54</name>
    <desc>Marble position along route - Image 54</desc>
  </wpt>
  <wpt lat="25.147741216467733" lon="-99.95429394270703">
    <name>Photo_55 - Image 55</name>
    <desc>Marble position along route - Image 55</desc>
  </wpt>
  <wpt lat="25.14777270851807" lon="-99.95439242805173">
    <name>Photo_56 - Image 56</name>
    <desc>Marble position along route - Image 56</desc>
  </wpt>
  <wpt lat="25.147804347017406" lon="-99.95449085608546">
    <name>Photo_57 - Image 57</name>
    <desc>Marble position along route - Image 57</desc>
  </wpt>
  <wpt lat="25.147836563852266" lon="-99.95458905396028">
    <name>Photo_58 - Image 58</name>
    <desc>Marble position along route - Image 58</desc>
  </wpt>
  <wpt lat="25.147870437530045" lon="-99.95468656870813">
    <name>Photo_59 - Image 59</name>
    <desc>Marble position along route - Image 59</desc>
  </wpt>
  <wpt lat="25.147905028174623" lon="-99.95478377715894">
    <name>Photo_60 - Image 60</name>
    <desc>Marble position along route - Image 60</desc>
  </wpt>
  <wpt lat="25.147938462162323" lon="-99.95488147528275">
    <name>Photo_61 - Image 61</name>
    <desc>Marble position along route - Image 61</desc>
  </wpt>
  <wpt lat="25.147968600530238" lon="-99.95498046547984">
    <name>Photo_62 - Image 62</name>
    <desc>Marble position along route - Image 62</desc>
  </wpt>
  <wpt lat="25.147993771916163" lon="-99.9550811291872">
    <name>Photo_63 - Image 63</name>
    <desc>Marble position along route - Image 63</desc>
  </wpt>
  <wpt lat="25.148014328299606" lon="-99.95518307253653">
    <name>Photo_64 - Image 64</name>
    <desc>Marble position along route - Image 64</desc>
  </wpt>
  <wpt lat="25.148031955568193" lon="-99.95528568840122">
    <name>Photo_65 - Image 65</name>
    <desc>Marble position along route - Image 65</desc>
  </wpt>
  <wpt lat="25.148048204076293" lon="-99.95538858389928">
    <name>Photo_66 - Image 66</name>
    <desc>Marble position along route - Image 66</desc>
  </wpt>
  <wpt lat="25.148064713628408" lon="-99.9554914281129">
    <name>Photo_67 - Image 67</name>
    <desc>Marble position along route - Image 67</desc>
  </wpt>
  <wpt lat="25.14807926946813" lon="-99.95559459552221">
    <name>Photo_68 - Image 68</name>
    <desc>Marble position along route - Image 68</desc>
  </wpt>
  <wpt lat="25.14808794685184" lon="-99.95569860078024">
    <name>Photo_69 - Image 69</name>
    <desc>Marble position along route - Image 69</desc>
  </wpt>
  <wpt lat="25.148097272516804" lon="-99.95580253123113">
    <name>Photo_70 - Image 70</name>
    <desc>Marble position along route - Image 70</desc>
  </wpt>
  <wpt lat="25.148119606333125" lon="-99.95590357702474">
    <name>Photo_71 - Image 71</name>
    <desc>Marble position along route - Image 71</desc>
  </wpt>
  <wpt lat="25.14816556653157" lon="-99.95593043616488">
    <name>Photo_72 - Image 72</name>
    <desc>Marble position along route - Image 72</desc>
  </wpt>
  <wpt lat="25.148215365569133" lon="-99.95589938342043">
    <name>Photo_73 - Image 73</name>
    <desc>Marble position along route - Image 73</desc>
  </wpt>
  <wpt lat="25.1482590048546" lon="-99.95585798665324">
    <name>Photo_74 - Image 74</name>
    <desc>Marble position along route - Image 74</desc>
  </wpt>
  <wpt lat="25.148300599892515" lon="-99.95581406363402">
    <name>Photo_75 - Image 75</name>
    <desc>Marble position along route - Image 75</desc>
  </wpt>
  <wpt lat="25.148342276457893" lon="-99.9557702364794">
    <name>Photo_76 - Image 76</name>
    <desc>Marble position along route - Image 76</desc>
  </wpt>
  <wpt lat="25.148386986319533" lon="-99.95573033557427">
    <name>Photo_77 - Image 77</name>
    <desc>Marble position along route - Image 77</desc>
  </wpt>
  <wpt lat="25.148436609467684" lon="-99.95569818205489">
    <name>Photo_78 - Image 78</name>
    <desc>Marble position along route - Image 78</desc>
  </wpt>
  <wpt lat="25.14848828020072" lon="-99.955670235149">
    <name>Photo_79 - Image 79</name>
    <desc>Marble position along route - Image 79</desc>
  </wpt>
  <wpt lat="25.148540685444512" lon="-99.95564398216636">
    <name>Photo_80 - Image 80</name>
    <desc>Marble position along route - Image 80</desc>
  </wpt>
  <wpt lat="25.148593033270586" lon="-99.95561761379503">
    <name>Photo_81 - Image 81</name>
    <desc>Marble position along route - Image 81</desc>
  </wpt>
  <wpt lat="25.148646390490004" lon="-99.95559381532283">
    <name>Photo_82 - Image 82</name>
    <desc>Marble position along route - Image 82</desc>
  </wpt>
  <wpt lat="25.14869920548534" lon="-99.95556860622187">
    <name>Photo_83 - Image 83</name>
    <desc>Marble position along route - Image 83</desc>
  </wpt>
  <wpt lat="25.14874954960527" lon="-99.95553792662163">
    <name>Photo_84 - Image 84</name>
    <desc>Marble position along route - Image 84</desc>
  </wpt>
  <wpt lat="25.148794431541656" lon="-99.95549827845917">
    <name>Photo_85 - Image 85</name>
    <desc>Marble position along route - Image 85</desc>
  </wpt>
  <wpt lat="25.148832973864153" lon="-99.95545113594922">
    <name>Photo_86 - Image 86</name>
    <desc>Marble position along route - Image 86</desc>
  </wpt>
  <wpt lat="25.1488690014322" lon="-99.95540156969354">
    <name>Photo_87 - Image 87</name>
    <desc>Marble position along route - Image 87</desc>
  </wpt>
  <wpt lat="25.148911469486592" lon="-99.9553464592509">
    <name>Photo_88 - Image 88</name>
    <desc>Marble position along route - Image 88</desc>
  </wpt>
  <wpt lat="25.14895430948983" lon="-99.9552916948939">
    <name>Photo_89 - Image 89</name>
    <desc>Marble position along route - Image 89</desc>
  </wpt>
  <wpt lat="25.148996562171188" lon="-99.95523637454458">
    <name>Photo_90 - Image 90</name>
    <desc>Marble position along route - Image 90</desc>
  </wpt>
  <wpt lat="25.149038860001596" lon="-99.95518109633784">
    <name>Photo_91 - Image 91</name>
    <desc>Marble position along route - Image 91</desc>
  </wpt>
  <wpt lat="25.14908159775657" lon="-99.95512623311838">
    <name>Photo_92 - Image 92</name>
    <desc>Marble position along route - Image 92</desc>
  </wpt>
  <wpt lat="25.149125128659296" lon="-99.9550721372919">
    <name>Photo_93 - Image 93</name>
    <desc>Marble position along route - Image 93</desc>
  </wpt>
  <wpt lat="25.14916983342556" lon="-99.95501922486679">
    <name>Photo_94 - Image 94</name>
    <desc>Marble position along route - Image 94</desc>
  </wpt>
  <wpt lat="25.14921621441103" lon="-99.95496810760555">
    <name>Photo_95 - Image 95</name>
    <desc>Marble position along route - Image 95</desc>
  </wpt>
  <wpt lat="25.14926446258827" lon="-99.95491914214793">
    <name>Photo_96 - Image 96</name>
    <desc>Marble position along route - Image 96</desc>
  </wpt>
  <wpt lat="25.149314947147104" lon="-99.95487076669752">
    <name>Photo_97 - Image 97</name>
    <desc>Marble position along route - Image 97</desc>
  </wpt>
  <wpt lat="25.149366126003567" lon="-99.9548232878265">
    <name>Photo_98 - Image 98</name>
    <desc>Marble position along route - Image 98</desc>
  </wpt>
  <wpt lat="25.14941744744041" lon="-99.95477599672323">
    <name>Photo_99 - Image 99</name>
    <desc>Marble position along route - Image 99</desc>
  </wpt>
  <wpt lat="25.14946838638944" lon="-99.95472820465854">
    <name>Photo_100 - Image 100</name>
    <desc>Marble position along route - Image 100</desc>
  </wpt>
  <wpt lat="25.149508136193752" lon="-99.9546894919335">
    <name>Photo_101 - Image 101</name>
    <desc>Marble position along route - Image 101</desc>
  </wpt>
  <wpt lat="25.149546972697127" lon="-99.95464966655767">
    <name>Photo_102 - Image 102</name>
    <desc>Marble position along route - Image 102</desc>
  </wpt>
  <wpt lat="25.14958441929918" lon="-99.95460824896675">
    <name>Photo_103 - Image 103</name>
    <desc>Marble position along route - Image 103</desc>
  </wpt>
  <wpt lat="25.149620789736147" lon="-99.95456567430311">
    <name>Photo_104 - Image 104</name>
    <desc>Marble position along route - Image 104</desc>
  </wpt>
  <wpt lat="25.14968228300326" lon="-99.95449140681531">
    <name>Photo_105 - Image 105</name>
    <desc>Marble position along route - Image 105</desc>
  </wpt>
  <wpt lat="25.14974477781448" lon="-99.95441817411908">
    <name>Photo_106 - Image 106</name>
    <desc>Marble position along route - Image 106</desc>
  </wpt>
  <wpt lat="25.149810910978438" lon="-99.954348981877">
    <name>Photo_107 - Image 107</name>
    <desc>Marble position along route - Image 107</desc>
  </wpt>
  <wpt lat="25.149885958936345" lon="-99.95428497951464">
    <name>Photo_108 - Image 108</name>
    <desc>Marble position along route - Image 108</desc>
  </wpt>
  <wpt lat="25.149966608045418" lon="-99.95422985485006">
    <name>Photo_109 - Image 109</name>
    <desc>Marble position along route - Image 109</desc>
  </wpt>
  <wpt lat="25.15005025267603" lon="-99.95418042827698">
    <name>Photo_110 - Image 110</name>
    <desc>Marble position along route - Image 110</desc>
  </wpt>
  <wpt lat="25.150134883549356" lon="-99.95413307722357">
    <name>Photo_111 - Image 111</name>
    <desc>Marble position along route - Image 111</desc>
  </wpt>
  <wpt lat="25.150218772823926" lon="-99.95408415480316">
    <name>Photo_112 - Image 112</name>
    <desc>Marble position along route - Image 112</desc>
  </wpt>
  <wpt lat="25.150302126232855" lon="-99.95403415159986">
    <name>Photo_113 - Image 113</name>
    <desc>Marble position along route - Image 113</desc>
  </wpt>
  <wpt lat="25.15038760337265" lon="-99.95398869872442">
    <name>Photo_114 - Image 114</name>
    <desc>Marble position along route - Image 114</desc>
  </wpt>
  <wpt lat="25.150466311245708" lon="-99.95394583508585">
    <name>Photo_115 - Image 115</name>
    <desc>Marble position along route - Image 115</desc>
  </wpt>
  <wpt lat="25.150542090533435" lon="-99.9538970284264">
    <name>Photo_116 - Image 116</name>
    <desc>Marble position along route - Image 116</desc>
  </wpt>
  <wpt lat="25.150610554094925" lon="-99.95383661790412">
    <name>Photo_117 - Image 117</name>
    <desc>Marble position along route - Image 117</desc>
  </wpt>
  <wpt lat="25.150665779904294" lon="-99.9537614894246">
    <name>Photo_118 - Image 118</name>
    <desc>Marble position along route - Image 118</desc>
  </wpt>
  <wpt lat="25.150709073023243" lon="-99.95367725278734">
    <name>Photo_119 - Image 119</name>
    <desc>Marble position along route - Image 119</desc>
  </wpt>
  <wpt lat="25.150742985431968" lon="-99.95358788188055">
    <name>Photo_120 - Image 120</name>
    <desc>Marble position along route - Image 120</desc>
  </wpt>
  <wpt lat="25.150769643823082" lon="-99.9534955384862">
    <name>Photo_121 - Image 121</name>
    <desc>Marble position along route - Image 121</desc>
  </wpt>
  <wpt lat="25.15079072997838" lon="-99.9534014430018">
    <name>Photo_122 - Image 122</name>
    <desc>Marble position along route - Image 122</desc>
  </wpt>
  <wpt lat="25.150807081969806" lon="-99.95330620873305">
    <name>Photo_123 - Image 123</name>
    <desc>Marble position along route - Image 123</desc>
  </wpt>
  <wpt lat="25.150817453539794" lon="-99.95320996006413">
    <name>Photo_124 - Image 124</name>
    <desc>Marble position along route - Image 124</desc>
  </wpt>
  <wpt lat="25.150821547842494" lon="-99.95311313969913">
    <name>Photo_125 - Image 125</name>
    <desc>Marble position along route - Image 125</desc>
  </wpt>
  <wpt lat="25.150818857559365" lon="-99.95301626404795">
    <name>Photo_126 - Image 126</name>
    <desc>Marble position along route - Image 126</desc>
  </wpt>
  <wpt lat="25.150808475976618" lon="-99.95292003229792">
    <name>Photo_127 - Image 127</name>
    <desc>Marble position along route - Image 127</desc>
  </wpt>
  <wpt lat="25.15078840686264" lon="-99.95282573855837">
    <name>Photo_128 - Image 128</name>
    <desc>Marble position along route - Image 128</desc>
  </wpt>
  <wpt lat="25.15075609481839" lon="-99.95273566760693">
    <name>Photo_129 - Image 129</name>
    <desc>Marble position along route - Image 129</desc>
  </wpt>
  <wpt lat="25.150716124140747" lon="-99.95264937863713">
    <name>Photo_130 - Image 130</name>
    <desc>Marble position along route - Image 130</desc>
  </wpt>
  <wpt lat="25.150672989732527" lon="-99.9525649501874">
    <name>Photo_131 - Image 131</name>
    <desc>Marble position along route - Image 131</desc>
  </wpt>
  <wpt lat="25.150630467288632" lon="-99.95248014752926">
    <name>Photo_132 - Image 132</name>
    <desc>Marble position along route - Image 132</desc>
  </wpt>
  <wpt lat="25.15059196802031" lon="-99.95239304167988">
    <name>Photo_133 - Image 133</name>
    <desc>Marble position along route - Image 133</desc>
  </wpt>
  <wpt lat="25.15055523052935" lon="-99.95230499662823">
    <name>Photo_134 - Image 134</name>
    <desc>Marble position along route - Image 134</desc>
  </wpt>
  <wpt lat="25.150516598751725" lon="-99.95221124122448">
    <name>Photo_135 - Image 135</name>
    <desc>Marble position along route - Image 135</desc>
  </wpt>
  <wpt lat="25.15047811268444" lon="-99.95211741269071">
    <name>Photo_136 - Image 136</name>
    <desc>Marble position along route - Image 136</desc>
  </wpt>
  <wpt lat="25.150439498079514" lon="-99.95202364870958">
    <name>Photo_137 - Image 137</name>
    <desc>Marble position along route - Image 137</desc>
  </wpt>
  <wpt lat="25.15040047966444" lon="-99.95193008915152">
    <name>Photo_138 - Image 138</name>
    <desc>Marble position along route - Image 138</desc>
  </wpt>
  <wpt lat="25.1503610076383" lon="-99.9518367619971">
    <name>Photo_139 - Image 139</name>
    <desc>Marble position along route - Image 139</desc>
  </wpt>
  <wpt lat="25.150321372414588" lon="-99.95174351925903">
    <name>Photo_140 - Image 140</name>
    <desc>Marble position along route - Image 140</desc>
  </wpt>
  <wpt lat="25.15028185087933" lon="-99.95165021772569">
    <name>Photo_141 - Image 141</name>
    <desc>Marble position along route - Image 141</desc>
  </wpt>
  <wpt lat="25.150242831068244" lon="-99.95155665923593">
    <name>Photo_142 - Image 142</name>
    <desc>Marble position along route - Image 142</desc>
  </wpt>
  <wpt lat="25.150206352105513" lon="-99.95146188165928">
    <name>Photo_143 - Image 143</name>
    <desc>Marble position along route - Image 143</desc>
  </wpt>
  <wpt lat="25.150175606285433" lon="-99.95136463687147">
    <name>Photo_144 - Image 144</name>
    <desc>Marble position along route - Image 144</desc>
  </wpt>
  <wpt lat="25.150136420859642" lon="-99.95127147513637">
    <name>Photo_145 - Image 145</name>
    <desc>Marble position along route - Image 145</desc>
  </wpt>
  <wpt lat="25.150071727620766" lon="-99.95119823752628">
    <name>Photo_146 - Image 146</name>
    <desc>Marble position along route - Image 146</desc>
  </wpt>
  <wpt lat="25.149405813516807" lon="-99.95079259823451">
    <name>Photo_147 - Image 155</name>
    <desc>Marble position along route - Image 155</desc>
  </wpt>
  <wpt lat="25.149427983141152" lon="-99.95089315229366">
    <name>Photo_148 - Image 156</name>
    <desc>Marble position along route - Image 156</desc>
  </wpt>
  <wpt lat="25.149452193428356" lon="-99.95099312669156">
    <name>Photo_149 - Image 157</name>
    <desc>Marble position along route - Image 157</desc>
  </wpt>
  <wpt lat="25.149478696590897" lon="-99.95109239074901">
    <name>Photo_150 - Image 158</name>
    <desc>Marble position along route - Image 158</desc>
  </wpt>
  <wpt lat="25.149507253171684" lon="-99.95119095701007">
    <name>Photo_151 - Image 159</name>
    <desc>Marble position along route - Image 159</desc>
  </wpt>
  <wpt lat="25.149538201327854" lon="-99.95128863626896">
    <name>Photo_152 - Image 160</name>
    <desc>Marble position along route - Image 160</desc>
  </wpt>
  <wpt lat="25.149572533779015" lon="-99.95138491974856">
    <name>Photo_153 - Image 161</name>
    <desc>Marble position along route - Image 161</desc>
  </wpt>
  <wpt lat="25.149610718164375" lon="-99.95147941906423">
    <name>Photo_154 - Image 162</name>
    <desc>Marble position along route - Image 162</desc>
  </wpt>
  <wpt lat="25.1496518482417" lon="-99.95157240181874">
    <name>Photo_155 - Image 163</name>
    <desc>Marble position along route - Image 163</desc>
  </wpt>
  <wpt lat="25.149694738469176" lon="-99.9516644118176">
    <name>Photo_156 - Image 164</name>
    <desc>Marble position along route - Image 164</desc>
  </wpt>
  <wpt lat="25.149741739883225" lon="-99.95176342336738">
    <name>Photo_157 - Image 165</name>
    <desc>Marble position along route - Image 165</desc>
  </wpt>
  <wpt lat="25.149789918548702" lon="-99.95186172988888">
    <name>Photo_158 - Image 166</name>
    <desc>Marble position along route - Image 166</desc>
  </wpt>
  <wpt lat="25.14984148915261" lon="-99.95195792283425">
    <name>Photo_159 - Image 167</name>
    <desc>Marble position along route - Image 167</desc>
  </wpt>
  <wpt lat="25.14989373835805" lon="-99.95205367045344">
    <name>Photo_160 - Image 168</name>
    <desc>Marble position along route - Image 168</desc>
  </wpt>
  <wpt lat="25.149944234417784" lon="-99.9521505525801">
    <name>Photo_161 - Image 169</name>
    <desc>Marble position along route - Image 169</desc>
  </wpt>
  <wpt lat="25.149989585131287" lon="-99.95225046129316">
    <name>Photo_162 - Image 170</name>
    <desc>Marble position along route - Image 170</desc>
  </wpt>
  <wpt lat="25.150023787077043" lon="-99.95235559405874">
    <name>Photo_163 - Image 171</name>
    <desc>Marble position along route - Image 171</desc>
  </wpt>
  <wpt lat="25.150044903914512" lon="-99.9524648226545">
    <name>Photo_164 - Image 172</name>
    <desc>Marble position along route - Image 172</desc>
  </wpt>
  <wpt lat="25.150050220022052" lon="-99.95254908382681">
    <name>Photo_165 - Image 173</name>
    <desc>Marble position along route - Image 173</desc>
  </wpt>
  <wpt lat="25.15004765304601" lon="-99.95263353085703">
    <name>Photo_166 - Image 174</name>
    <desc>Marble position along route - Image 174</desc>
  </wpt>
  <wpt lat="25.15003966545632" lon="-99.9527175538624">
    <name>Photo_167 - Image 175</name>
    <desc>Marble position along route - Image 175</desc>
  </wpt>
  <wpt lat="25.150021853663795" lon="-99.95279970349272">
    <name>Photo_168 - Image 176</name>
    <desc>Marble position along route - Image 176</desc>
  </wpt>
  <wpt lat="25.149998517020787" lon="-99.95288018665394">
    <name>Photo_169 - Image 177</name>
    <desc>Marble position along route - Image 177</desc>
  </wpt>
  <wpt lat="25.14997360507963" lon="-99.9529600993924">
    <name>Photo_170 - Image 178</name>
    <desc>Marble position along route - Image 178</desc>
  </wpt>
  <wpt lat="25.149950364307667" lon="-99.9530406148454">
    <name>Photo_171 - Image 179</name>
    <desc>Marble position along route - Image 179</desc>
  </wpt>
  <wpt lat="25.149933651859527" lon="-99.95312301852827">
    <name>Photo_172 - Image 180</name>
    <desc>Marble position along route - Image 180</desc>
  </wpt>
  <wpt lat="25.149932973300537" lon="-99.95320730443012">
    <name>Photo_173 - Image 181</name>
    <desc>Marble position along route - Image 181</desc>
  </wpt>
  <wpt lat="25.149948260041853" lon="-99.95329001456493">
    <name>Photo_174 - Image 182</name>
    <desc>Marble position along route - Image 182</desc>
  </wpt>
  <wpt lat="25.149973201197664" lon="-99.95336988217537">
    <name>Photo_175 - Image 183</name>
    <desc>Marble position along route - Image 183</desc>
  </wpt>
  <wpt lat="25.15" lon="-99.953449">
    <name>Photo_176 - Image 184</name>
    <desc>Marble position along route - Image 184</desc>
  </wpt>
</gpx>